img,lb,fold
volume-111-370,2,1
volume-111-371,2,1
volume-111-372,2,1
volume-111-373,2,1
volume-111-374,2,1
volume-111-375,2,1
volume-111-376,2,1
volume-111-377,2,1
volume-111-378,2,1
volume-111-379,2,1
volume-111-380,2,1
volume-111-381,2,1
volume-111-388,2,1
volume-111-389,2,1
volume-111-390,2,1
volume-111-391,2,1
volume-111-392,2,1
volume-111-393,2,1
volume-111-394,2,1
volume-111-395,2,1
volume-111-396,2,1
volume-111-397,2,1
volume-111-398,2,1
volume-111-399,2,1
volume-111-400,2,1
volume-111-401,2,1
volume-111-411,2,1
volume-111-412,2,1
volume-111-413,2,1
volume-111-414,2,1
volume-111-415,2,1
volume-111-416,2,1
volume-111-417,2,1
volume-111-418,2,1
volume-111-419,2,1
volume-111-420,2,1
volume-111-421,2,1
volume-111-422,2,1
volume-111-423,2,1
volume-111-424,2,1
volume-111-425,2,1
volume-111-426,2,1
volume-112-365,2,1
volume-112-366,2,1
volume-112-367,2,1
volume-112-368,2,1
volume-112-369,2,1
volume-112-370,2,1
volume-112-371,2,1
volume-112-372,2,1
volume-112-399,2,1
volume-112-400,2,1
volume-112-401,2,1
volume-112-402,2,1
volume-112-403,2,1
volume-112-416,2,1
volume-112-417,2,1
volume-112-418,2,1
volume-112-419,2,1
volume-112-420,2,1
volume-112-421,2,1
volume-112-422,2,1
volume-112-450,2,1
volume-112-451,2,1
volume-112-452,2,1
volume-112-453,2,1
volume-112-454,2,1
volume-112-455,2,1
volume-112-456,2,1
volume-113-415,2,1
volume-113-416,2,1
volume-113-417,2,1
volume-113-419,2,1
volume-113-420,2,1
volume-113-421,2,1
volume-113-422,2,1
volume-113-423,2,1
volume-113-424,2,1
volume-113-425,2,1
volume-113-426,2,1
volume-113-427,2,1
volume-113-428,2,1
volume-113-429,2,1
volume-113-430,2,1
volume-113-431,2,1
volume-113-432,2,1
volume-113-433,2,1
volume-113-434,2,1
volume-113-435,2,1
volume-113-436,2,1
volume-113-437,2,1
volume-113-438,2,1
volume-113-439,2,1
volume-113-440,2,1
volume-113-441,2,1
volume-113-442,2,1
volume-113-443,2,1
volume-113-444,2,1
volume-113-445,2,1
volume-113-446,2,1
volume-113-447,2,1
volume-113-448,2,1
volume-113-449,2,1
volume-113-450,2,1
volume-113-451,2,1
volume-113-452,2,1
volume-113-453,2,1
volume-113-454,2,1
volume-113-455,2,1
volume-113-456,2,1
volume-113-457,2,1
volume-113-458,2,1
volume-113-459,2,1
volume-113-460,2,1
volume-113-461,2,1
volume-113-462,2,1
volume-113-463,2,1
volume-113-464,2,1
volume-113-465,2,1
volume-113-466,2,1
volume-113-467,2,1
volume-113-468,2,1
volume-113-469,2,1
volume-113-470,2,1
volume-113-471,2,1
volume-113-472,2,1
volume-113-473,2,1
volume-113-474,2,1
volume-113-475,2,1
volume-113-476,2,1
volume-113-477,2,1
volume-113-478,2,1
volume-113-479,2,1
volume-113-480,2,1
volume-113-481,2,1
volume-113-482,2,1
volume-113-483,2,1
volume-113-484,2,1
volume-113-485,2,1
volume-113-486,2,1
volume-113-487,2,1
volume-113-488,2,1
volume-113-489,2,1
volume-113-490,2,1
volume-113-491,2,1
volume-113-492,2,1
volume-113-500,2,1
volume-113-501,2,1
volume-113-502,2,1
volume-113-503,2,1
volume-113-504,2,1
volume-113-505,2,1
volume-113-506,2,1
volume-113-507,2,1
volume-113-508,2,1
volume-113-509,2,1
volume-113-510,2,1
volume-113-511,2,1
volume-113-512,2,1
volume-113-513,2,1
volume-113-514,2,1
volume-113-515,2,1
volume-113-516,2,1
volume-113-517,2,1
volume-113-518,2,1
volume-113-519,2,1
volume-113-520,2,1
volume-113-521,2,1
volume-113-522,2,1
volume-113-523,2,1
volume-113-524,2,1
volume-113-525,2,1
volume-113-526,2,1
volume-113-527,2,1
volume-113-528,2,1
volume-113-529,2,1
volume-113-530,2,1
volume-113-531,2,1
volume-113-532,2,1
volume-113-533,2,1
volume-113-534,2,1
volume-113-535,2,1
volume-113-536,2,1
volume-113-537,2,1
volume-113-538,2,1
volume-113-539,2,1
volume-113-540,2,1
volume-113-541,2,1
volume-113-542,2,1
volume-113-543,2,1
volume-113-544,2,1
volume-113-545,2,1
volume-113-546,2,1
volume-113-547,2,1
volume-113-548,2,1
volume-113-558,2,1
volume-113-559,2,1
volume-113-560,2,1
volume-113-561,2,1
volume-113-562,2,1
volume-113-563,2,1
volume-113-564,2,1
volume-113-565,2,1
volume-113-566,2,1
volume-113-567,2,1
volume-116-495,2,1
volume-116-496,2,1
volume-116-497,2,1
volume-116-498,2,1
volume-116-499,2,1
volume-116-500,2,1
volume-116-501,2,1
volume-116-502,2,1
volume-116-503,2,1
volume-116-504,2,1
volume-116-505,2,1
volume-116-506,2,1
volume-116-507,2,1
volume-116-508,2,1
volume-116-509,2,1
volume-116-510,2,1
volume-116-511,2,1
volume-116-512,2,1
volume-116-513,2,1
volume-116-514,2,1
volume-116-515,2,1
volume-116-516,2,1
volume-116-517,2,1
volume-116-518,2,1
volume-116-519,2,1
volume-116-520,2,1
volume-116-521,2,1
volume-116-522,2,1
volume-116-523,2,1
volume-116-524,2,1
volume-116-525,2,1
volume-116-526,2,1
volume-116-527,2,1
volume-116-528,2,1
volume-116-529,2,1
volume-116-530,2,1
volume-116-531,2,1
volume-116-532,2,1
volume-116-533,2,1
volume-116-534,2,1
volume-116-535,2,1
volume-116-536,2,1
volume-116-537,2,1
volume-116-538,2,1
volume-116-539,2,1
volume-116-540,2,1
volume-116-541,2,1
volume-116-542,2,1
volume-116-543,2,1
volume-116-544,2,1
volume-116-545,2,1
volume-116-546,2,1
volume-116-547,2,1
volume-116-548,2,1
volume-116-549,2,1
volume-116-550,2,1
volume-116-551,2,1
volume-116-552,2,1
volume-116-553,2,1
volume-116-554,2,1
volume-116-555,2,1
volume-116-556,2,1
volume-116-557,2,1
volume-116-558,2,1
volume-116-559,2,1
volume-116-560,2,1
volume-116-561,2,1
volume-116-562,2,1
volume-116-563,2,1
volume-116-564,2,1
volume-116-565,2,1
volume-116-566,2,1
volume-116-567,2,1
volume-116-568,2,1
volume-116-569,2,1
volume-116-570,2,1
volume-116-571,2,1
volume-116-572,2,1
volume-116-573,2,1
volume-116-574,2,1
volume-116-575,2,1
volume-116-576,2,1
volume-116-577,2,1
volume-116-578,2,1
volume-116-579,2,1
volume-116-580,2,1
volume-116-581,2,1
volume-116-582,2,1
volume-116-583,2,1
volume-116-584,2,1
volume-116-585,2,1
volume-116-586,2,1
volume-116-587,2,1
volume-116-588,2,1
volume-116-589,2,1
volume-116-590,2,1
volume-116-591,2,1
volume-116-592,2,1
volume-116-593,2,1
volume-116-594,2,1
volume-116-595,2,1
volume-116-596,2,1
volume-116-597,2,1
volume-116-598,2,1
volume-116-599,2,1
volume-116-600,2,1
volume-116-601,2,1
volume-116-602,2,1
volume-116-603,2,1
volume-116-604,2,1
volume-116-605,2,1
volume-116-606,2,1
volume-116-607,2,1
volume-116-608,2,1
volume-116-609,2,1
volume-116-610,2,1
volume-116-611,2,1
volume-116-612,2,1
volume-116-613,2,1
volume-116-614,2,1
volume-116-615,2,1
volume-116-616,2,1
volume-116-617,2,1
volume-116-618,2,1
volume-116-619,2,1
volume-116-620,2,1
volume-116-621,2,1
volume-116-622,2,1
volume-116-623,2,1
volume-116-624,2,1
volume-116-625,2,1
volume-116-626,2,1
volume-116-627,2,1
volume-117-288,2,1
volume-117-289,2,1
volume-117-290,2,1
volume-117-291,2,1
volume-117-292,2,1
volume-117-293,2,1
volume-117-294,2,1
volume-117-295,2,1
volume-117-296,2,1
volume-117-297,2,1
volume-117-298,2,1
volume-117-299,2,1
volume-117-300,2,1
volume-117-301,2,1
volume-117-302,2,1
volume-117-303,2,1
volume-117-304,2,1
volume-117-305,2,1
volume-117-306,2,1
volume-117-307,2,1
volume-117-308,2,1
volume-117-309,2,1
volume-117-310,2,1
volume-117-311,2,1
volume-117-312,2,1
volume-117-313,2,1
volume-117-314,2,1
volume-117-315,2,1
volume-117-316,2,1
volume-117-317,2,1
volume-117-318,2,1
volume-117-319,2,1
volume-117-320,2,1
volume-117-321,2,1
volume-117-322,2,1
volume-117-323,2,1
volume-117-324,2,1
volume-117-325,2,1
volume-117-326,2,1
volume-117-327,2,1
volume-117-328,2,1
volume-117-329,2,1
volume-117-330,2,1
volume-117-331,2,1
volume-117-332,2,1
volume-117-333,2,1
volume-117-334,2,1
volume-117-335,2,1
volume-117-336,2,1
volume-117-337,2,1
volume-117-338,2,1
volume-117-339,2,1
volume-117-340,2,1
volume-117-341,2,1
volume-117-342,2,1
volume-117-343,2,1
volume-117-344,2,1
volume-117-345,2,1
volume-117-346,2,1
volume-117-347,2,1
volume-117-348,2,1
volume-117-349,2,1
volume-117-350,2,1
volume-117-351,2,1
volume-117-352,2,1
volume-117-353,2,1
volume-117-354,2,1
volume-117-355,2,1
volume-117-356,2,1
volume-117-357,2,1
volume-117-358,2,1
volume-117-359,2,1
volume-117-360,2,1
volume-117-361,2,1
volume-117-362,2,1
volume-117-363,2,1
volume-117-364,2,1
volume-117-365,2,1
volume-117-366,2,1
volume-117-367,2,1
volume-117-368,2,1
volume-117-369,2,1
volume-117-370,2,1
volume-117-371,2,1
volume-117-372,2,1
volume-117-373,2,1
volume-117-374,2,1
volume-117-375,2,1
volume-117-376,2,1
volume-117-377,2,1
volume-117-378,2,1
volume-117-379,2,1
volume-117-380,2,1
volume-117-381,2,1
volume-117-382,2,1
volume-117-383,2,1
volume-117-384,2,1
volume-117-385,2,1
volume-117-386,2,1
volume-117-387,2,1
volume-117-388,2,1
volume-117-389,2,1
volume-117-390,2,1
volume-117-391,2,1
volume-117-392,2,1
volume-117-393,2,1
volume-117-394,2,1
volume-117-395,2,1
volume-117-396,2,1
volume-117-397,2,1
volume-117-398,2,1
volume-117-399,2,1
volume-117-400,2,1
volume-117-401,2,1
volume-117-402,2,1
volume-117-403,2,1
volume-117-404,2,1
volume-117-405,2,1
volume-117-406,2,1
volume-117-407,2,1
volume-117-408,2,1
volume-117-409,2,1
volume-117-410,2,1
volume-117-411,2,1
volume-117-412,2,1
volume-117-413,2,1
volume-117-414,2,1
volume-117-415,2,1
volume-117-416,2,1
volume-117-417,2,1
volume-117-418,2,1
volume-117-419,2,1
volume-117-420,2,1
volume-117-421,2,1
volume-117-422,2,1
volume-117-423,2,1
volume-117-424,2,1
volume-117-425,2,1
volume-117-426,2,1
volume-117-427,2,1
volume-117-428,2,1
volume-117-429,2,1
volume-117-430,2,1
volume-117-431,2,1
volume-117-432,2,1
volume-117-433,2,1
volume-117-434,2,1
volume-117-435,2,1
volume-117-436,2,1
volume-117-437,2,1
volume-117-438,2,1
volume-117-439,2,1
volume-117-440,2,1
volume-117-441,2,1
volume-117-442,2,1
volume-117-443,2,1
volume-117-444,2,1
volume-117-445,2,1
volume-117-446,2,1
volume-117-447,2,1
volume-117-448,2,1
volume-117-449,2,1
volume-117-450,2,1
volume-117-451,2,1
volume-117-452,2,1
volume-117-453,2,1
volume-117-454,2,1
volume-117-455,2,1
volume-117-456,2,1
volume-117-457,2,1
volume-117-458,2,1
volume-117-459,2,1
volume-117-460,2,1
volume-117-461,2,1
volume-117-462,2,1
volume-117-463,2,1
volume-117-464,2,1
volume-117-465,2,1
volume-117-466,2,1
volume-117-467,2,1
volume-117-468,2,1
volume-117-469,2,1
volume-117-470,2,1
volume-117-471,2,1
volume-117-472,2,1
volume-117-473,2,1
volume-117-474,2,1
volume-117-475,2,1
volume-117-476,2,1
volume-117-477,2,1
volume-117-478,2,1
volume-117-479,2,1
volume-117-480,2,1
volume-117-481,2,1
volume-117-482,2,1
volume-117-483,2,1
volume-117-484,2,1
volume-117-485,2,1
volume-117-486,2,1
volume-117-487,2,1
volume-117-488,2,1
volume-117-489,2,1
volume-117-490,2,1
volume-117-491,2,1
volume-117-492,2,1
volume-117-493,2,1
volume-117-494,2,1
volume-117-495,2,1
volume-117-496,2,1
volume-117-497,2,1
volume-117-498,2,1
volume-117-499,2,1
volume-117-500,2,1
volume-117-501,2,1
volume-117-502,2,1
volume-117-503,2,1
volume-117-504,2,1
volume-117-505,2,1
volume-117-506,2,1
volume-117-507,2,1
volume-117-508,2,1
volume-117-509,2,1
volume-117-510,2,1
volume-117-511,2,1
volume-117-512,2,1
volume-117-513,2,1
volume-117-514,2,1
volume-117-515,2,1
volume-117-516,2,1
volume-117-517,2,1
volume-117-518,2,1
volume-117-519,2,1
volume-117-520,2,1
volume-117-521,2,1
volume-117-522,2,1
volume-117-523,2,1
volume-117-524,2,1
volume-117-525,2,1
volume-117-526,2,1
volume-117-527,2,1
volume-117-528,2,1
volume-117-529,2,1
volume-117-530,2,1
volume-117-531,2,1
volume-117-532,2,1
volume-118-207,2,1
volume-118-208,2,1
volume-118-209,2,1
volume-118-210,2,1
volume-118-211,2,1
volume-118-212,2,1
volume-118-213,2,1
volume-118-214,2,1
volume-118-215,2,1
volume-118-216,2,1
volume-118-217,2,1
volume-118-218,2,1
volume-118-219,2,1
volume-118-220,2,1
volume-118-221,2,1
volume-118-222,2,1
volume-118-223,2,1
volume-118-224,2,1
volume-118-225,2,1
volume-118-226,2,1
volume-118-227,2,1
volume-118-228,2,1
volume-118-229,2,1
volume-118-230,2,1
volume-118-231,2,1
volume-118-232,2,1
volume-118-233,2,1
volume-118-234,2,1
volume-118-235,2,1
volume-118-236,2,1
volume-118-237,2,1
volume-118-238,2,1
volume-118-239,2,1
volume-118-240,2,1
volume-118-241,2,1
volume-118-242,2,1
volume-118-243,2,1
volume-118-244,2,1
volume-118-245,2,1
volume-118-246,2,1
volume-118-247,2,1
volume-118-248,2,1
volume-118-249,2,1
volume-118-250,2,1
volume-118-251,2,1
volume-118-252,2,1
volume-118-253,2,1
volume-118-254,2,1
volume-118-255,2,1
volume-118-256,2,1
volume-118-257,2,1
volume-118-258,2,1
volume-118-259,2,1
volume-118-260,2,1
volume-118-261,2,1
volume-118-262,2,1
volume-118-263,2,1
volume-118-264,2,1
volume-118-265,2,1
volume-118-266,2,1
volume-118-267,2,1
volume-118-268,2,1
volume-118-269,2,1
volume-118-270,2,1
volume-118-271,2,1
volume-118-272,2,1
volume-118-273,2,1
volume-118-274,2,1
volume-118-275,2,1
volume-118-276,2,1
volume-118-277,2,1
volume-118-278,2,1
volume-118-279,2,1
volume-118-280,2,1
volume-118-281,2,1
volume-118-282,2,1
volume-118-283,2,1
volume-118-284,2,1
volume-118-285,2,1
volume-118-286,2,1
volume-118-287,2,1
volume-118-288,2,1
volume-118-289,2,1
volume-118-292,2,1
volume-118-293,2,1
volume-118-294,2,1
volume-118-295,2,1
volume-12-412,2,1
volume-12-413,2,1
volume-12-414,2,1
volume-12-415,2,1
volume-12-416,2,1
volume-12-417,2,1
volume-12-418,2,1
volume-12-419,2,1
volume-12-420,2,1
volume-120-176,2,1
volume-120-177,2,1
volume-120-178,2,1
volume-120-179,2,1
volume-120-180,2,1
volume-120-181,2,1
volume-120-200,2,1
volume-120-201,2,1
volume-120-202,2,1
volume-120-203,2,1
volume-120-204,2,1
volume-120-205,2,1
volume-120-206,2,1
volume-120-207,2,1
volume-120-208,2,1
volume-120-209,2,1
volume-120-210,2,1
volume-120-211,2,1
volume-120-212,2,1
volume-120-213,2,1
volume-120-214,2,1
volume-120-215,2,1
volume-120-216,2,1
volume-120-217,2,1
volume-120-218,2,1
volume-120-219,2,1
volume-120-220,2,1
volume-120-221,2,1
volume-120-222,2,1
volume-120-248,2,1
volume-120-249,2,1
volume-120-250,2,1
volume-120-251,2,1
volume-120-252,2,1
volume-120-253,2,1
volume-120-254,2,1
volume-120-255,2,1
volume-120-256,2,1
volume-120-257,2,1
volume-120-258,2,1
volume-120-259,2,1
volume-120-260,2,1
volume-120-261,2,1
volume-120-262,2,1
volume-120-263,2,1
volume-120-264,2,1
volume-120-265,2,1
volume-120-266,2,1
volume-120-267,2,1
volume-120-268,2,1
volume-120-269,2,1
volume-120-270,2,1
volume-121-252,2,1
volume-121-253,2,1
volume-121-254,2,1
volume-121-255,2,1
volume-121-256,2,1
volume-121-257,2,1
volume-121-258,2,1
volume-121-259,2,1
volume-121-260,2,1
volume-121-261,2,1
volume-121-272,2,1
volume-121-273,2,1
volume-121-274,2,1
volume-121-289,2,1
volume-121-290,2,1
volume-121-291,2,1
volume-122-189,2,1
volume-122-190,2,1
volume-122-191,2,1
volume-122-192,2,1
volume-122-193,2,1
volume-122-194,2,1
volume-122-195,2,1
volume-122-196,2,1
volume-122-197,2,1
volume-122-198,2,1
volume-122-199,2,1
volume-122-200,2,1
volume-122-201,2,1
volume-122-202,2,1
volume-122-203,2,1
volume-122-204,2,1
volume-122-205,2,1
volume-122-206,2,1
volume-122-207,2,1
volume-122-208,2,1
volume-122-209,2,1
volume-122-210,2,1
volume-122-211,2,1
volume-122-212,2,1
volume-122-213,2,1
volume-122-214,2,1
volume-122-215,2,1
volume-122-216,2,1
volume-122-217,2,1
volume-122-218,2,1
volume-122-219,2,1
volume-122-220,2,1
volume-122-221,2,1
volume-122-222,2,1
volume-122-223,2,1
volume-122-224,2,1
volume-122-225,2,1
volume-122-226,2,1
volume-122-227,2,1
volume-122-228,2,1
volume-122-229,2,1
volume-122-230,2,1
volume-122-231,2,1
volume-122-232,2,1
volume-122-233,2,1
volume-122-234,2,1
volume-122-235,2,1
volume-122-236,2,1
volume-122-237,2,1
volume-122-238,2,1
volume-122-239,2,1
volume-122-240,2,1
volume-122-241,2,1
volume-122-242,2,1
volume-122-243,2,1
volume-122-244,2,1
volume-122-245,2,1
volume-122-246,2,1
volume-122-247,2,1
volume-122-248,2,1
volume-122-249,2,1
volume-122-250,2,1
volume-122-251,2,1
volume-122-252,2,1
volume-123-211,2,1
volume-123-212,2,1
volume-123-213,2,1
volume-123-214,2,1
volume-123-215,2,1
volume-123-216,2,1
volume-123-217,2,1
volume-123-218,2,1
volume-123-219,2,1
volume-123-220,2,1
volume-123-221,2,1
volume-123-222,2,1
volume-123-223,2,1
volume-123-224,2,1
volume-123-225,2,1
volume-123-226,2,1
volume-123-227,2,1
volume-123-228,2,1
volume-123-229,2,1
volume-123-230,2,1
volume-123-231,2,1
volume-123-232,2,1
volume-123-233,2,1
volume-123-234,2,1
volume-123-235,2,1
volume-123-236,2,1
volume-123-237,2,1
volume-123-238,2,1
volume-123-239,2,1
volume-123-240,2,1
volume-123-241,2,1
volume-123-242,2,1
volume-123-243,2,1
volume-123-244,2,1
volume-123-245,2,1
volume-123-246,2,1
volume-123-247,2,1
volume-123-248,2,1
volume-123-249,2,1
volume-123-250,2,1
volume-123-251,2,1
volume-123-252,2,1
volume-123-253,2,1
volume-123-254,2,1
volume-123-255,2,1
volume-123-256,2,1
volume-123-257,2,1
volume-123-258,2,1
volume-123-259,2,1
volume-123-260,2,1
volume-123-261,2,1
volume-123-262,2,1
volume-123-263,2,1
volume-123-264,2,1
volume-123-265,2,1
volume-123-266,2,1
volume-123-267,2,1
volume-123-268,2,1
volume-123-269,2,1
volume-123-270,2,1
volume-123-271,2,1
volume-123-272,2,1
volume-123-273,2,1
volume-123-274,2,1
volume-123-275,2,1
volume-123-276,2,1
volume-123-277,2,1
volume-123-278,2,1
volume-123-279,2,1
volume-123-280,2,1
volume-123-281,2,1
volume-123-282,2,1
volume-123-283,2,1
volume-123-284,2,1
volume-123-285,2,1
volume-123-286,2,1
volume-123-287,2,1
volume-123-288,2,1
volume-123-289,2,1
volume-123-290,2,1
volume-123-291,2,1
volume-123-292,2,1
volume-124-208,2,1
volume-124-209,2,1
volume-124-210,2,1
volume-124-211,2,1
volume-124-212,2,1
volume-124-213,2,1
volume-124-214,2,1
volume-124-215,2,1
volume-124-216,2,1
volume-124-217,2,1
volume-124-218,2,1
volume-124-219,2,1
volume-124-220,2,1
volume-124-221,2,1
volume-124-222,2,1
volume-124-223,2,1
volume-124-224,2,1
volume-124-225,2,1
volume-124-226,2,1
volume-124-227,2,1
volume-124-228,2,1
volume-124-229,2,1
volume-124-230,2,1
volume-124-231,2,1
volume-124-232,2,1
volume-124-233,2,1
volume-124-234,2,1
volume-124-235,2,1
volume-124-236,2,1
volume-124-237,2,1
volume-124-238,2,1
volume-124-239,2,1
volume-124-240,2,1
volume-124-241,2,1
volume-124-242,2,1
volume-124-243,2,1
volume-124-244,2,1
volume-124-245,2,1
volume-124-246,2,1
volume-124-247,2,1
volume-124-248,2,1
volume-124-249,2,1
volume-124-250,2,1
volume-124-251,2,1
volume-124-252,2,1
volume-124-253,2,1
volume-124-254,2,1
volume-124-255,2,1
volume-124-256,2,1
volume-124-257,2,1
volume-124-258,2,1
volume-124-259,2,1
volume-124-260,2,1
volume-124-261,2,1
volume-124-262,2,1
volume-124-263,2,1
volume-125-212,2,1
volume-125-213,2,1
volume-125-214,2,1
volume-125-215,2,1
volume-125-216,2,1
volume-125-217,2,1
volume-125-218,2,1
volume-125-219,2,1
volume-125-220,2,1
volume-126-218,2,1
volume-126-219,2,1
volume-126-220,2,1
volume-126-221,2,1
volume-126-222,2,1
volume-126-223,2,1
volume-126-224,2,1
volume-126-225,2,1
volume-126-226,2,1
volume-126-227,2,1
volume-126-228,2,1
volume-126-229,2,1
volume-126-230,2,1
volume-126-231,2,1
volume-126-232,2,1
volume-127-630,2,2
volume-127-631,2,2
volume-127-632,2,2
volume-128-383,2,2
volume-128-384,2,2
volume-128-385,2,2
volume-128-386,2,2
volume-128-387,2,2
volume-128-388,2,2
volume-128-389,2,2
volume-128-390,2,2
volume-128-391,2,2
volume-128-392,2,2
volume-128-393,2,2
volume-128-394,2,2
volume-128-395,2,2
volume-128-396,2,2
volume-128-397,2,2
volume-128-398,2,2
volume-128-399,2,2
volume-128-400,2,2
volume-128-401,2,2
volume-128-402,2,2
volume-128-403,2,2
volume-128-404,2,2
volume-128-405,2,2
volume-128-406,2,2
volume-128-407,2,2
volume-128-408,2,2
volume-128-409,2,2
volume-128-410,2,2
volume-128-411,2,2
volume-128-412,2,2
volume-128-413,2,2
volume-128-414,2,2
volume-128-415,2,2
volume-128-416,2,2
volume-128-417,2,2
volume-128-418,2,2
volume-128-419,2,2
volume-128-468,2,2
volume-128-469,2,2
volume-128-470,2,2
volume-128-471,2,2
volume-128-472,2,2
volume-128-473,2,2
volume-128-474,2,2
volume-128-475,2,2
volume-128-476,2,2
volume-128-477,2,2
volume-128-478,2,2
volume-128-479,2,2
volume-128-480,2,2
volume-128-481,2,2
volume-128-482,2,2
volume-128-483,2,2
volume-128-484,2,2
volume-128-485,2,2
volume-128-486,2,2
volume-128-487,2,2
volume-128-488,2,2
volume-128-489,2,2
volume-128-490,2,2
volume-128-491,2,2
volume-128-492,2,2
volume-128-493,2,2
volume-128-494,2,2
volume-128-495,2,2
volume-128-496,2,2
volume-128-497,2,2
volume-128-498,2,2
volume-128-499,2,2
volume-128-500,2,2
volume-128-501,2,2
volume-128-502,2,2
volume-128-503,2,2
volume-128-504,2,2
volume-128-505,2,2
volume-128-506,2,2
volume-128-507,2,2
volume-128-508,2,2
volume-128-509,2,2
volume-128-510,2,2
volume-128-511,2,2
volume-128-512,2,2
volume-128-513,2,2
volume-128-514,2,2
volume-128-515,2,2
volume-128-516,2,2
volume-128-517,2,2
volume-128-518,2,2
volume-128-519,2,2
volume-128-520,2,2
volume-128-521,2,2
volume-128-522,2,2
volume-128-523,2,2
volume-128-524,2,2
volume-128-525,2,2
volume-128-526,2,2
volume-128-527,2,2
volume-128-528,2,2
volume-128-529,2,2
volume-128-530,2,2
volume-128-531,2,2
volume-128-532,2,2
volume-128-533,2,2
volume-128-534,2,2
volume-128-535,2,2
volume-128-536,2,2
volume-128-537,2,2
volume-128-538,2,2
volume-128-539,2,2
volume-128-540,2,2
volume-128-541,2,2
volume-128-542,2,2
volume-128-543,2,2
volume-128-544,2,2
volume-128-545,2,2
volume-128-546,2,2
volume-128-547,2,2
volume-128-548,2,2
volume-128-549,2,2
volume-128-550,2,2
volume-128-551,2,2
volume-128-552,2,2
volume-128-553,2,2
volume-128-554,2,2
volume-128-555,2,2
volume-128-556,2,2
volume-128-557,2,2
volume-128-558,2,2
volume-128-559,2,2
volume-128-560,2,2
volume-128-561,2,2
volume-128-562,2,2
volume-128-563,2,2
volume-128-564,2,2
volume-128-565,2,2
volume-128-566,2,2
volume-128-567,2,2
volume-128-568,2,2
volume-128-569,2,2
volume-128-570,2,2
volume-128-571,2,2
volume-128-572,2,2
volume-128-573,2,2
volume-128-574,2,2
volume-129-55,2,2
volume-129-56,2,2
volume-129-57,2,2
volume-129-58,2,2
volume-129-59,2,2
volume-129-60,2,2
volume-129-61,2,2
volume-129-62,2,2
volume-129-63,2,2
volume-129-64,2,2
volume-129-65,2,2
volume-129-66,2,2
volume-129-67,2,2
volume-129-68,2,2
volume-129-69,2,2
volume-129-70,2,2
volume-129-71,2,2
volume-129-72,2,2
volume-129-73,2,2
volume-129-74,2,2
volume-129-75,2,2
volume-129-76,2,2
volume-129-77,2,2
volume-129-78,2,2
volume-129-79,2,2
volume-129-80,2,2
volume-129-81,2,2
volume-129-82,2,2
volume-129-83,2,2
volume-129-84,2,2
volume-129-85,2,2
volume-129-86,2,2
volume-129-87,2,2
volume-129-88,2,2
volume-129-89,2,2
volume-129-90,2,2
volume-129-91,2,2
volume-129-92,2,2
volume-129-93,2,2
volume-129-94,2,2
volume-129-95,2,2
volume-129-96,2,2
volume-129-97,2,2
volume-129-98,2,2
volume-129-99,2,2
volume-129-100,2,2
volume-129-101,2,2
volume-129-102,2,2
volume-129-103,2,2
volume-129-104,2,2
volume-129-105,2,2
volume-129-106,2,2
volume-129-107,2,2
volume-129-108,2,2
volume-129-109,2,2
volume-129-110,2,2
volume-129-111,2,2
volume-129-112,2,2
volume-129-113,2,2
volume-129-114,2,2
volume-129-115,2,2
volume-129-116,2,2
volume-129-117,2,2
volume-129-118,2,2
volume-129-119,2,2
volume-129-120,2,2
volume-129-121,2,2
volume-129-122,2,2
volume-129-123,2,2
volume-129-124,2,2
volume-129-125,2,2
volume-129-126,2,2
volume-129-127,2,2
volume-129-128,2,2
volume-129-129,2,2
volume-129-130,2,2
volume-129-131,2,2
volume-129-132,2,2
volume-129-133,2,2
volume-129-134,2,2
volume-129-135,2,2
volume-129-136,2,2
volume-129-137,2,2
volume-129-138,2,2
volume-129-139,2,2
volume-129-140,2,2
volume-129-141,2,2
volume-129-142,2,2
volume-129-143,2,2
volume-129-144,2,2
volume-129-145,2,2
volume-129-146,2,2
volume-129-147,2,2
volume-129-148,2,2
volume-129-149,2,2
volume-129-150,2,2
volume-129-151,2,2
volume-129-152,2,2
volume-129-153,2,2
volume-129-154,2,2
volume-129-155,2,2
volume-129-156,2,2
volume-129-157,2,2
volume-129-158,2,2
volume-129-159,2,2
volume-129-160,2,2
volume-129-161,2,2
volume-129-162,2,2
volume-129-163,2,2
volume-129-164,2,2
volume-129-165,2,2
volume-129-166,2,2
volume-129-167,2,2
volume-129-168,2,2
volume-129-169,2,2
volume-129-170,2,2
volume-129-171,2,2
volume-129-172,2,2
volume-129-173,2,2
volume-129-174,2,2
volume-129-175,2,2
volume-129-176,2,2
volume-129-177,2,2
volume-129-178,2,2
volume-129-179,2,2
volume-129-180,2,2
volume-129-181,2,2
volume-129-182,2,2
volume-129-183,2,2
volume-129-184,2,2
volume-129-185,2,2
volume-129-186,2,2
volume-129-187,2,2
volume-129-188,2,2
volume-129-189,2,2
volume-129-190,2,2
volume-129-191,2,2
volume-129-192,2,2
volume-129-193,2,2
volume-129-194,2,2
volume-129-195,2,2
volume-129-196,2,2
volume-129-197,2,2
volume-129-198,2,2
volume-129-199,2,2
volume-129-200,2,2
volume-129-201,2,2
volume-129-202,2,2
volume-129-203,2,2
volume-129-204,2,2
volume-129-205,2,2
volume-129-206,2,2
volume-129-207,2,2
volume-129-208,2,2
volume-129-209,2,2
volume-129-210,2,2
volume-129-211,2,2
volume-129-212,2,2
volume-129-213,2,2
volume-129-214,2,2
volume-129-215,2,2
volume-129-216,2,2
volume-129-217,2,2
volume-129-218,2,2
volume-129-219,2,2
volume-129-220,2,2
volume-129-221,2,2
volume-129-222,2,2
volume-129-223,2,2
volume-129-224,2,2
volume-129-225,2,2
volume-129-226,2,2
volume-129-227,2,2
volume-129-228,2,2
volume-129-229,2,2
volume-129-230,2,2
volume-129-231,2,2
volume-129-232,2,2
volume-129-233,2,2
volume-129-234,2,2
volume-129-235,2,2
volume-129-236,2,2
volume-129-237,2,2
volume-129-238,2,2
volume-129-239,2,2
volume-129-240,2,2
volume-129-241,2,2
volume-129-242,2,2
volume-129-243,2,2
volume-129-244,2,2
volume-129-245,2,2
volume-129-246,2,2
volume-129-247,2,2
volume-129-248,2,2
volume-129-249,2,2
volume-129-250,2,2
volume-129-251,2,2
volume-129-252,2,2
volume-129-253,2,2
volume-129-254,2,2
volume-129-255,2,2
volume-129-256,2,2
volume-129-257,2,2
volume-129-258,2,2
volume-129-259,2,2
volume-129-260,2,2
volume-129-261,2,2
volume-129-262,2,2
volume-129-263,2,2
volume-129-264,2,2
volume-129-265,2,2
volume-129-266,2,2
volume-129-267,2,2
volume-129-268,2,2
volume-129-269,2,2
volume-129-270,2,2
volume-129-271,2,2
volume-129-272,2,2
volume-129-273,2,2
volume-129-274,2,2
volume-129-275,2,2
volume-129-276,2,2
volume-129-277,2,2
volume-129-278,2,2
volume-129-279,2,2
volume-129-280,2,2
volume-13-328,2,2
volume-13-329,2,2
volume-13-330,2,2
volume-13-331,2,2
volume-13-332,2,2
volume-13-333,2,2
volume-13-334,2,2
volume-13-335,2,2
volume-13-336,2,2
volume-13-337,2,2
volume-13-338,2,2
volume-13-339,2,2
volume-13-340,2,2
volume-13-341,2,2
volume-13-342,2,2
volume-13-343,2,2
volume-13-344,2,2
volume-13-345,2,2
volume-13-346,2,2
volume-13-347,2,2
volume-13-348,2,2
volume-13-349,2,2
volume-13-350,2,2
volume-13-351,2,2
volume-13-352,2,2
volume-13-353,2,2
volume-13-354,2,2
volume-13-355,2,2
volume-13-356,2,2
volume-13-357,2,2
volume-13-358,2,2
volume-13-359,2,2
volume-13-360,2,2
volume-13-361,2,2
volume-13-362,2,2
volume-13-363,2,2
volume-13-364,2,2
volume-13-365,2,2
volume-13-366,2,2
volume-13-367,2,2
volume-13-368,2,2
volume-13-369,2,2
volume-13-370,2,2
volume-13-371,2,2
volume-13-372,2,2
volume-13-373,2,2
volume-13-374,2,2
volume-13-375,2,2
volume-13-376,2,2
volume-13-388,2,2
volume-13-389,2,2
volume-13-390,2,2
volume-13-391,2,2
volume-13-392,2,2
volume-13-393,2,2
volume-13-394,2,2
volume-13-395,2,2
volume-13-396,2,2
volume-13-397,2,2
volume-13-398,2,2
volume-13-399,2,2
volume-13-400,2,2
volume-13-401,2,2
volume-130-377,2,2
volume-130-378,2,2
volume-130-379,2,2
volume-130-380,2,2
volume-130-381,2,2
volume-130-382,2,2
volume-130-383,2,2
volume-130-384,2,2
volume-130-385,2,2
volume-130-386,2,2
volume-130-387,2,2
volume-130-388,2,2
volume-130-389,2,2
volume-130-390,2,2
volume-130-391,2,2
volume-130-392,2,2
volume-130-393,2,2
volume-130-394,2,2
volume-130-395,2,2
volume-130-396,2,2
volume-130-397,2,2
volume-130-398,2,2
volume-130-399,2,2
volume-130-400,2,2
volume-130-401,2,2
volume-130-402,2,2
volume-130-403,2,2
volume-130-404,2,2
volume-130-405,2,2
volume-130-406,2,2
volume-130-407,2,2
volume-130-408,2,2
volume-130-409,2,2
volume-130-410,2,2
volume-130-411,2,2
volume-130-412,2,2
volume-130-413,2,2
volume-130-414,2,2
volume-130-415,2,2
volume-130-416,2,2
volume-130-417,2,2
volume-130-418,2,2
volume-130-419,2,2
volume-130-420,2,2
volume-130-421,2,2
volume-130-422,2,2
volume-130-423,2,2
volume-130-424,2,2
volume-130-425,2,2
volume-130-426,2,2
volume-130-427,2,2
volume-130-428,2,2
volume-130-429,2,2
volume-130-430,2,2
volume-130-431,2,2
volume-130-432,2,2
volume-130-433,2,2
volume-130-434,2,2
volume-130-435,2,2
volume-130-436,2,2
volume-130-437,2,2
volume-130-438,2,2
volume-130-439,2,2
volume-130-440,2,2
volume-130-441,2,2
volume-130-442,2,2
volume-130-443,2,2
volume-130-444,2,2
volume-130-445,2,2
volume-130-446,2,2
volume-130-447,2,2
volume-130-448,2,2
volume-130-449,2,2
volume-130-450,2,2
volume-130-451,2,2
volume-130-452,2,2
volume-130-453,2,2
volume-130-454,2,2
volume-130-455,2,2
volume-130-456,2,2
volume-130-457,2,2
volume-130-458,2,2
volume-130-459,2,2
volume-130-460,2,2
volume-130-461,2,2
volume-130-462,2,2
volume-130-463,2,2
volume-130-464,2,2
volume-130-465,2,2
volume-130-466,2,2
volume-130-467,2,2
volume-130-468,2,2
volume-130-469,2,2
volume-130-470,2,2
volume-130-471,2,2
volume-130-472,2,2
volume-130-473,2,2
volume-130-474,2,2
volume-130-475,2,2
volume-130-476,2,2
volume-130-477,2,2
volume-130-478,2,2
volume-130-479,2,2
volume-130-480,2,2
volume-130-481,2,2
volume-130-482,2,2
volume-130-483,2,2
volume-130-484,2,2
volume-130-485,2,2
volume-130-486,2,2
volume-130-487,2,2
volume-130-488,2,2
volume-130-489,2,2
volume-130-490,2,2
volume-130-491,2,2
volume-130-492,2,2
volume-130-493,2,2
volume-130-494,2,2
volume-130-495,2,2
volume-130-496,2,2
volume-130-497,2,2
volume-130-498,2,2
volume-130-499,2,2
volume-130-500,2,2
volume-130-501,2,2
volume-130-502,2,2
volume-130-503,2,2
volume-130-504,2,2
volume-130-505,2,2
volume-130-506,2,2
volume-130-507,2,2
volume-130-508,2,2
volume-130-509,2,2
volume-130-510,2,2
volume-130-511,2,2
volume-130-512,2,2
volume-130-513,2,2
volume-130-514,2,2
volume-130-515,2,2
volume-130-516,2,2
volume-130-517,2,2
volume-130-518,2,2
volume-130-519,2,2
volume-130-520,2,2
volume-130-521,2,2
volume-130-522,2,2
volume-130-523,2,2
volume-130-524,2,2
volume-130-525,2,2
volume-130-526,2,2
volume-130-527,2,2
volume-130-528,2,2
volume-130-529,2,2
volume-130-530,2,2
volume-130-531,2,2
volume-130-532,2,2
volume-130-533,2,2
volume-130-534,2,2
volume-130-535,2,2
volume-130-536,2,2
volume-130-537,2,2
volume-130-538,2,2
volume-130-539,2,2
volume-130-540,2,2
volume-130-541,2,2
volume-130-542,2,2
volume-130-543,2,2
volume-130-544,2,2
volume-130-545,2,2
volume-130-546,2,2
volume-130-547,2,2
volume-130-548,2,2
volume-130-549,2,2
volume-130-550,2,2
volume-130-551,2,2
volume-130-552,2,2
volume-130-553,2,2
volume-130-554,2,2
volume-130-555,2,2
volume-130-556,2,2
volume-130-557,2,2
volume-130-558,2,2
volume-130-559,2,2
volume-130-560,2,2
volume-130-561,2,2
volume-130-562,2,2
volume-130-563,2,2
volume-130-564,2,2
volume-130-565,2,2
volume-130-566,2,2
volume-130-567,2,2
volume-130-568,2,2
volume-130-569,2,2
volume-130-570,2,2
volume-130-571,2,2
volume-130-572,2,2
volume-130-573,2,2
volume-130-574,2,2
volume-130-575,2,2
volume-14-347,2,2
volume-14-348,2,2
volume-14-349,2,2
volume-14-350,2,2
volume-14-351,2,2
volume-14-352,2,2
volume-14-353,2,2
volume-14-354,2,2
volume-14-355,2,2
volume-14-356,2,2
volume-14-357,2,2
volume-14-358,2,2
volume-14-359,2,2
volume-14-360,2,2
volume-14-361,2,2
volume-14-362,2,2
volume-15-322,2,2
volume-15-323,2,2
volume-15-324,2,2
volume-15-325,2,2
volume-15-326,2,2
volume-15-327,2,2
volume-15-328,2,2
volume-15-329,2,2
volume-15-330,2,2
volume-15-331,2,2
volume-15-332,2,2
volume-15-333,2,2
volume-16-284,2,2
volume-16-285,2,2
volume-16-286,2,2
volume-16-287,2,2
volume-16-288,2,2
volume-16-289,2,2
volume-16-301,2,2
volume-16-302,2,2
volume-16-303,2,2
volume-16-304,2,2
volume-16-305,2,2
volume-16-306,2,2
volume-16-307,2,2
volume-16-308,2,2
volume-16-309,2,2
volume-16-310,2,2
volume-16-311,2,2
volume-16-312,2,2
volume-16-313,2,2
volume-16-314,2,2
volume-16-315,2,2
volume-16-316,2,2
volume-16-317,2,2
volume-16-318,2,2
volume-16-319,2,2
volume-16-320,2,2
volume-16-321,2,2
volume-16-322,2,2
volume-16-323,2,2
volume-16-359,2,2
volume-16-360,2,2
volume-16-361,2,2
volume-16-362,2,2
volume-16-363,2,2
volume-16-364,2,2
volume-16-365,2,2
volume-16-366,2,2
volume-16-367,2,2
volume-16-368,2,2
volume-16-369,2,2
volume-16-370,2,2
volume-16-371,2,2
volume-16-372,2,2
volume-16-373,2,2
volume-16-374,2,2
volume-16-375,2,2
volume-16-376,2,2
volume-16-377,2,2
volume-16-378,2,2
volume-16-379,2,2
volume-16-380,2,2
volume-16-381,2,2
volume-16-382,2,2
volume-16-383,2,2
volume-16-384,2,2
volume-16-385,2,2
volume-16-386,2,2
volume-16-387,2,2
volume-16-388,2,2
volume-16-389,2,2
volume-16-390,2,2
volume-16-391,2,2
volume-16-392,2,2
volume-16-393,2,2
volume-16-394,2,2
volume-16-395,2,2
volume-16-396,2,2
volume-16-397,2,2
volume-16-398,2,2
volume-16-399,2,2
volume-16-400,2,2
volume-16-401,2,2
volume-16-402,2,2
volume-16-403,2,2
volume-16-404,2,2
volume-16-405,2,2
volume-16-406,2,2
volume-16-407,2,2
volume-16-408,2,2
volume-16-409,2,2
volume-16-410,2,2
volume-16-411,2,2
volume-16-412,2,2
volume-16-413,2,2
volume-16-414,2,2
volume-16-415,2,2
volume-16-416,2,2
volume-16-417,2,2
volume-16-418,2,2
volume-16-419,2,2
volume-16-420,2,2
volume-16-421,2,2
volume-16-422,2,2
volume-16-423,2,2
volume-16-424,2,2
volume-16-425,2,2
volume-16-426,2,2
volume-16-427,2,2
volume-16-428,2,2
volume-16-429,2,2
volume-16-430,2,2
volume-16-431,2,2
volume-16-432,2,2
volume-16-433,2,2
volume-16-434,2,2
volume-16-435,2,2
volume-16-436,2,2
volume-16-437,2,2
volume-16-438,2,2
volume-16-439,2,2
volume-16-440,2,2
volume-16-441,2,2
volume-16-442,2,2
volume-16-443,2,2
volume-16-444,2,2
volume-16-445,2,2
volume-16-446,2,2
volume-16-447,2,2
volume-16-448,2,2
volume-16-449,2,2
volume-17-371,2,2
volume-17-372,2,2
volume-17-373,2,2
volume-17-374,2,2
volume-17-375,2,2
volume-17-376,2,2
volume-17-377,2,2
volume-17-378,2,2
volume-17-379,2,2
volume-17-380,2,2
volume-17-381,2,2
volume-17-382,2,2
volume-17-383,2,2
volume-17-384,2,2
volume-17-385,2,2
volume-17-386,2,2
volume-17-387,2,2
volume-17-388,2,2
volume-17-389,2,2
volume-17-390,2,2
volume-17-391,2,2
volume-17-392,2,2
volume-17-393,2,2
volume-17-394,2,2
volume-17-395,2,2
volume-17-396,2,2
volume-17-397,2,2
volume-17-398,2,2
volume-17-399,2,2
volume-17-400,2,2
volume-17-401,2,2
volume-17-402,2,2
volume-17-403,2,2
volume-17-404,2,2
volume-17-405,2,2
volume-17-406,2,2
volume-17-407,2,2
volume-17-408,2,2
volume-17-409,2,2
volume-17-410,2,2
volume-17-411,2,2
volume-17-412,2,2
volume-17-413,2,2
volume-17-414,2,2
volume-17-415,2,2
volume-17-416,2,2
volume-17-417,2,2
volume-17-418,2,2
volume-17-419,2,2
volume-17-420,2,2
volume-17-421,2,2
volume-17-422,2,2
volume-17-423,2,2
volume-18-396,2,2
volume-18-397,2,2
volume-18-398,2,2
volume-18-399,2,2
volume-18-400,2,2
volume-18-401,2,2
volume-18-402,2,2
volume-18-403,2,2
volume-18-404,2,2
volume-18-405,2,2
volume-18-406,2,2
volume-18-407,2,2
volume-18-408,2,2
volume-18-409,2,2
volume-18-410,2,2
volume-18-411,2,2
volume-18-412,2,2
volume-18-413,2,2
volume-18-414,2,2
volume-18-415,2,2
volume-18-416,2,2
volume-18-417,2,2
volume-18-418,2,2
volume-18-419,2,2
volume-18-420,2,2
volume-18-421,2,2
volume-18-422,2,2
volume-18-423,2,2
volume-18-424,2,2
volume-18-425,2,2
volume-18-426,2,2
volume-18-427,2,2
volume-18-428,2,2
volume-18-429,2,2
volume-18-430,2,2
volume-18-431,2,2
volume-18-432,2,2
volume-18-433,2,2
volume-18-434,2,2
volume-18-435,2,2
volume-18-436,2,2
volume-18-437,2,2
volume-18-438,2,2
volume-18-439,2,2
volume-19-423,2,2
volume-19-424,2,2
volume-19-425,2,2
volume-19-426,2,2
volume-19-427,2,2
volume-19-428,2,2
volume-19-429,2,2
volume-19-430,2,2
volume-19-431,2,2
volume-19-432,2,2
volume-19-433,2,2
volume-19-434,2,2
volume-19-435,2,2
volume-19-436,2,2
volume-19-437,2,2
volume-19-438,2,2
volume-19-439,2,2
volume-19-440,2,2
volume-19-441,2,2
volume-19-442,2,2
volume-19-443,2,2
volume-19-444,2,2
volume-19-445,2,2
volume-19-446,2,2
volume-19-447,2,2
volume-19-448,2,2
volume-19-449,2,2
volume-19-450,2,2
volume-19-451,2,2
volume-19-452,2,2
volume-19-453,2,2
volume-19-454,2,2
volume-19-455,2,2
volume-19-456,2,2
volume-19-457,2,2
volume-19-458,2,2
volume-19-459,2,2
volume-19-460,2,2
volume-19-461,2,2
volume-19-475,2,2
volume-19-476,2,2
volume-19-477,2,2
volume-19-478,2,2
volume-19-479,2,2
volume-19-480,2,2
volume-19-481,2,2
volume-19-482,2,2
volume-19-483,2,2
volume-2-440,2,2
volume-2-441,2,2
volume-2-442,2,2
volume-2-443,2,2
volume-2-444,2,2
volume-2-445,2,2
volume-2-446,2,2
volume-2-447,2,2
volume-2-448,2,2
volume-2-449,2,2
volume-2-450,2,2
volume-2-451,2,2
volume-2-452,2,2
volume-2-453,2,2
volume-2-454,2,2
volume-2-455,2,2
volume-2-456,2,2
volume-2-457,2,2
volume-2-458,2,2
volume-2-459,2,2
volume-2-460,2,2
volume-2-461,2,2
volume-2-462,2,2
volume-2-463,2,2
volume-2-464,2,2
volume-2-465,2,2
volume-2-466,2,2
volume-2-467,2,2
volume-2-468,2,2
volume-20-470,2,2
volume-20-471,2,2
volume-20-472,2,2
volume-20-473,2,2
volume-20-474,2,2
volume-20-475,2,2
volume-20-476,2,2
volume-20-477,2,2
volume-20-478,2,2
volume-20-479,2,2
volume-20-480,2,2
volume-20-481,2,2
volume-20-482,2,2
volume-20-483,2,2
volume-20-484,2,2
volume-20-485,2,2
volume-20-486,2,2
volume-20-487,2,2
volume-20-488,2,2
volume-20-489,2,2
volume-20-490,2,2
volume-20-491,2,2
volume-21-332,2,2
volume-21-333,2,2
volume-21-334,2,2
volume-21-335,2,2
volume-21-336,2,2
volume-21-337,2,2
volume-21-338,2,2
volume-21-339,2,2
volume-21-340,2,2
volume-21-341,2,2
volume-21-342,2,2
volume-21-343,2,2
volume-21-344,2,2
volume-21-345,2,2
volume-21-346,2,2
volume-21-347,2,2
volume-21-348,2,2
volume-21-349,2,2
volume-21-350,2,2
volume-21-351,2,2
volume-21-352,2,2
volume-21-353,2,2
volume-21-354,2,2
volume-21-355,2,2
volume-21-356,2,2
volume-21-357,2,2
volume-21-358,2,2
volume-21-359,2,2
volume-21-360,2,2
volume-21-361,2,2
volume-21-362,2,2
volume-21-363,2,2
volume-21-364,2,2
volume-21-365,2,2
volume-21-366,2,2
volume-21-367,2,2
volume-21-368,2,2
volume-21-369,2,2
volume-21-370,2,2
volume-21-371,2,2
volume-21-372,2,2
volume-21-373,2,2
volume-21-374,2,2
volume-21-375,2,2
volume-21-376,2,2
volume-21-377,2,2
volume-21-378,2,2
volume-21-379,2,2
volume-21-380,2,2
volume-21-381,2,2
volume-21-382,2,2
volume-21-383,2,2
volume-21-384,2,2
volume-21-385,2,2
volume-21-386,2,2
volume-21-387,2,2
volume-21-388,2,2
volume-21-389,2,2
volume-21-390,2,2
volume-21-391,2,2
volume-21-392,2,2
volume-21-393,2,2
volume-21-394,2,2
volume-21-395,2,2
volume-21-396,2,2
volume-21-397,2,2
volume-21-398,2,2
volume-21-399,2,2
volume-22-126,2,2
volume-22-127,2,2
volume-22-128,2,2
volume-22-129,2,2
volume-22-130,2,2
volume-22-131,2,2
volume-22-132,2,2
volume-22-133,2,2
volume-22-134,2,2
volume-22-135,2,2
volume-22-136,2,2
volume-22-137,2,2
volume-23-322,2,2
volume-23-323,2,2
volume-23-324,2,2
volume-23-325,2,2
volume-23-326,2,2
volume-23-327,2,2
volume-23-328,2,2
volume-23-329,2,2
volume-23-330,2,2
volume-23-331,2,2
volume-23-332,2,2
volume-23-333,2,2
volume-23-334,2,2
volume-23-335,2,2
volume-23-336,2,2
volume-23-337,2,2
volume-23-338,2,2
volume-23-339,2,2
volume-23-340,2,2
volume-23-341,2,2
volume-23-342,2,2
volume-23-343,2,2
volume-23-344,2,2
volume-23-345,2,2
volume-23-346,2,2
volume-23-347,2,2
volume-23-348,2,2
volume-23-349,2,2
volume-23-350,2,2
volume-23-351,2,2
volume-23-352,2,2
volume-23-353,2,2
volume-24-196,2,2
volume-24-197,2,2
volume-24-198,2,2
volume-24-199,2,2
volume-24-200,2,2
volume-24-201,2,2
volume-24-202,2,2
volume-25-517,2,2
volume-25-518,2,2
volume-25-519,2,2
volume-25-520,2,2
volume-25-521,2,2
volume-25-522,2,2
volume-25-523,2,2
volume-25-524,2,2
volume-25-525,2,2
volume-25-526,2,2
volume-25-527,2,2
volume-26-302,2,3
volume-26-303,2,3
volume-26-304,2,3
volume-26-305,2,3
volume-26-306,2,3
volume-26-307,2,3
volume-26-308,2,3
volume-26-309,2,3
volume-26-310,2,3
volume-26-311,2,3
volume-26-312,2,3
volume-26-313,2,3
volume-26-314,2,3
volume-26-315,2,3
volume-26-316,2,3
volume-26-317,2,3
volume-26-318,2,3
volume-26-319,2,3
volume-26-320,2,3
volume-26-321,2,3
volume-26-322,2,3
volume-26-323,2,3
volume-26-324,2,3
volume-26-325,2,3
volume-26-326,2,3
volume-26-327,2,3
volume-26-328,2,3
volume-26-329,2,3
volume-26-330,2,3
volume-26-331,2,3
volume-26-332,2,3
volume-26-333,2,3
volume-26-334,2,3
volume-26-335,2,3
volume-26-336,2,3
volume-26-337,2,3
volume-26-338,2,3
volume-26-339,2,3
volume-26-340,2,3
volume-26-341,2,3
volume-26-350,2,3
volume-26-351,2,3
volume-26-352,2,3
volume-26-353,2,3
volume-26-354,2,3
volume-26-355,2,3
volume-26-356,2,3
volume-26-357,2,3
volume-26-358,2,3
volume-26-359,2,3
volume-26-360,2,3
volume-26-361,2,3
volume-26-362,2,3
volume-26-363,2,3
volume-26-364,2,3
volume-26-365,2,3
volume-26-366,2,3
volume-26-367,2,3
volume-26-368,2,3
volume-26-369,2,3
volume-26-370,2,3
volume-26-371,2,3
volume-26-372,2,3
volume-26-373,2,3
volume-26-374,2,3
volume-26-375,2,3
volume-26-376,2,3
volume-26-377,2,3
volume-26-378,2,3
volume-26-379,2,3
volume-26-380,2,3
volume-26-381,2,3
volume-26-382,2,3
volume-26-383,2,3
volume-26-384,2,3
volume-26-385,2,3
volume-26-386,2,3
volume-26-387,2,3
volume-26-388,2,3
volume-26-389,2,3
volume-26-390,2,3
volume-26-391,2,3
volume-26-392,2,3
volume-26-393,2,3
volume-26-394,2,3
volume-27-380,2,3
volume-27-381,2,3
volume-27-382,2,3
volume-27-383,2,3
volume-27-384,2,3
volume-27-385,2,3
volume-27-386,2,3
volume-27-387,2,3
volume-27-388,2,3
volume-27-389,2,3
volume-27-390,2,3
volume-27-391,2,3
volume-27-392,2,3
volume-27-393,2,3
volume-27-394,2,3
volume-27-395,2,3
volume-27-396,2,3
volume-27-397,2,3
volume-27-398,2,3
volume-27-399,2,3
volume-27-400,2,3
volume-27-401,2,3
volume-27-402,2,3
volume-27-403,2,3
volume-27-404,2,3
volume-27-405,2,3
volume-27-406,2,3
volume-27-407,2,3
volume-27-408,2,3
volume-27-409,2,3
volume-27-410,2,3
volume-27-411,2,3
volume-27-412,2,3
volume-27-413,2,3
volume-27-414,2,3
volume-27-415,2,3
volume-27-416,2,3
volume-27-417,2,3
volume-27-418,2,3
volume-27-419,2,3
volume-27-420,2,3
volume-27-421,2,3
volume-27-422,2,3
volume-27-423,2,3
volume-27-424,2,3
volume-27-425,2,3
volume-27-426,2,3
volume-27-427,2,3
volume-27-428,2,3
volume-27-429,2,3
volume-27-430,2,3
volume-27-431,2,3
volume-27-432,2,3
volume-27-433,2,3
volume-27-434,2,3
volume-27-435,2,3
volume-27-436,2,3
volume-27-437,2,3
volume-27-438,2,3
volume-27-439,2,3
volume-27-440,2,3
volume-27-441,2,3
volume-27-442,2,3
volume-27-443,2,3
volume-27-444,2,3
volume-27-445,2,3
volume-27-446,2,3
volume-27-447,2,3
volume-27-448,2,3
volume-27-449,2,3
volume-27-450,2,3
volume-27-451,2,3
volume-27-452,2,3
volume-27-453,2,3
volume-27-454,2,3
volume-27-455,2,3
volume-27-456,2,3
volume-27-457,2,3
volume-27-458,2,3
volume-27-459,2,3
volume-27-460,2,3
volume-27-461,2,3
volume-27-462,2,3
volume-27-463,2,3
volume-27-464,2,3
volume-27-465,2,3
volume-27-466,2,3
volume-27-467,2,3
volume-27-468,2,3
volume-27-469,2,3
volume-27-470,2,3
volume-27-471,2,3
volume-27-472,2,3
volume-27-473,2,3
volume-27-474,2,3
volume-27-475,2,3
volume-27-476,2,3
volume-27-477,2,3
volume-27-478,2,3
volume-27-479,2,3
volume-27-480,2,3
volume-27-481,2,3
volume-27-482,2,3
volume-27-483,2,3
volume-27-484,2,3
volume-27-485,2,3
volume-27-486,2,3
volume-27-487,2,3
volume-27-488,2,3
volume-27-489,2,3
volume-27-490,2,3
volume-27-491,2,3
volume-27-492,2,3
volume-27-493,2,3
volume-27-494,2,3
volume-27-495,2,3
volume-27-496,2,3
volume-27-497,2,3
volume-27-498,2,3
volume-27-499,2,3
volume-27-500,2,3
volume-27-501,2,3
volume-27-502,2,3
volume-27-503,2,3
volume-27-504,2,3
volume-27-505,2,3
volume-27-506,2,3
volume-27-507,2,3
volume-27-508,2,3
volume-27-509,2,3
volume-27-510,2,3
volume-27-511,2,3
volume-27-512,2,3
volume-27-513,2,3
volume-27-514,2,3
volume-27-515,2,3
volume-27-516,2,3
volume-27-536,2,3
volume-27-537,2,3
volume-27-538,2,3
volume-27-539,2,3
volume-27-540,2,3
volume-27-541,2,3
volume-27-542,2,3
volume-28-48,2,3
volume-28-49,2,3
volume-28-50,2,3
volume-28-51,2,3
volume-28-52,2,3
volume-28-53,2,3
volume-28-54,2,3
volume-28-55,2,3
volume-28-56,2,3
volume-28-57,2,3
volume-28-58,2,3
volume-28-59,2,3
volume-28-60,2,3
volume-28-61,2,3
volume-28-62,2,3
volume-28-63,2,3
volume-28-64,2,3
volume-28-65,2,3
volume-28-66,2,3
volume-28-67,2,3
volume-28-68,2,3
volume-28-69,2,3
volume-28-70,2,3
volume-28-71,2,3
volume-28-72,2,3
volume-28-73,2,3
volume-28-74,2,3
volume-28-75,2,3
volume-28-76,2,3
volume-28-77,2,3
volume-28-78,2,3
volume-28-79,2,3
volume-28-80,2,3
volume-28-81,2,3
volume-28-82,2,3
volume-28-83,2,3
volume-28-84,2,3
volume-28-85,2,3
volume-28-86,2,3
volume-28-88,2,3
volume-28-89,2,3
volume-28-90,2,3
volume-28-91,2,3
volume-28-92,2,3
volume-28-93,2,3
volume-28-94,2,3
volume-28-95,2,3
volume-28-96,2,3
volume-28-97,2,3
volume-28-98,2,3
volume-28-99,2,3
volume-28-100,2,3
volume-28-101,2,3
volume-28-102,2,3
volume-28-103,2,3
volume-28-104,2,3
volume-28-106,2,3
volume-28-107,2,3
volume-28-108,2,3
volume-28-109,2,3
volume-28-110,2,3
volume-28-111,2,3
volume-28-112,2,3
volume-28-113,2,3
volume-28-114,2,3
volume-28-115,2,3
volume-28-116,2,3
volume-28-117,2,3
volume-28-118,2,3
volume-28-119,2,3
volume-28-120,2,3
volume-28-121,2,3
volume-28-122,2,3
volume-28-123,2,3
volume-29-56,2,3
volume-29-57,2,3
volume-29-58,2,3
volume-29-59,2,3
volume-29-60,2,3
volume-29-61,2,3
volume-29-62,2,3
volume-29-63,2,3
volume-29-64,2,3
volume-29-65,2,3
volume-29-66,2,3
volume-29-67,2,3
volume-29-68,2,3
volume-29-69,2,3
volume-29-70,2,3
volume-29-71,2,3
volume-29-72,2,3
volume-29-73,2,3
volume-29-74,2,3
volume-29-75,2,3
volume-29-76,2,3
volume-29-77,2,3
volume-3-356,2,3
volume-3-357,2,3
volume-3-358,2,3
volume-3-359,2,3
volume-3-360,2,3
volume-3-361,2,3
volume-3-362,2,3
volume-3-363,2,3
volume-3-364,2,3
volume-3-365,2,3
volume-3-366,2,3
volume-3-367,2,3
volume-3-368,2,3
volume-3-369,2,3
volume-3-370,2,3
volume-30-127,2,3
volume-30-128,2,3
volume-30-129,2,3
volume-30-130,2,3
volume-30-131,2,3
volume-30-132,2,3
volume-30-133,2,3
volume-30-134,2,3
volume-30-135,2,3
volume-30-136,2,3
volume-30-137,2,3
volume-30-138,2,3
volume-30-139,2,3
volume-30-140,2,3
volume-30-141,2,3
volume-30-142,2,3
volume-30-143,2,3
volume-30-144,2,3
volume-31-29,2,3
volume-31-30,2,3
volume-31-31,2,3
volume-31-38,2,3
volume-31-39,2,3
volume-31-40,2,3
volume-31-41,2,3
volume-31-42,2,3
volume-31-43,2,3
volume-31-44,2,3
volume-31-45,2,3
volume-31-46,2,3
volume-31-47,2,3
volume-31-48,2,3
volume-31-49,2,3
volume-31-50,2,3
volume-31-51,2,3
volume-31-52,2,3
volume-31-53,2,3
volume-31-54,2,3
volume-31-55,2,3
volume-31-56,2,3
volume-31-57,2,3
volume-31-58,2,3
volume-31-59,2,3
volume-31-60,2,3
volume-31-61,2,3
volume-31-62,2,3
volume-31-63,2,3
volume-31-64,2,3
volume-31-65,2,3
volume-31-66,2,3
volume-31-67,2,3
volume-31-68,2,3
volume-31-69,2,3
volume-31-70,2,3
volume-31-71,2,3
volume-33-47,2,3
volume-33-48,2,3
volume-33-49,2,3
volume-33-50,2,3
volume-33-51,2,3
volume-33-52,2,3
volume-33-53,2,3
volume-33-54,2,3
volume-33-55,2,3
volume-33-56,2,3
volume-33-57,2,3
volume-33-58,2,3
volume-33-59,2,3
volume-33-60,2,3
volume-33-61,2,3
volume-33-62,2,3
volume-33-63,2,3
volume-33-64,2,3
volume-33-65,2,3
volume-33-66,2,3
volume-33-67,2,3
volume-33-68,2,3
volume-33-69,2,3
volume-33-70,2,3
volume-33-71,2,3
volume-33-72,2,3
volume-33-73,2,3
volume-33-74,2,3
volume-33-75,2,3
volume-33-76,2,3
volume-33-77,2,3
volume-33-78,2,3
volume-33-79,2,3
volume-33-80,2,3
volume-33-81,2,3
volume-33-82,2,3
volume-33-83,2,3
volume-33-84,2,3
volume-33-85,2,3
volume-33-86,2,3
volume-33-87,2,3
volume-33-88,2,3
volume-33-89,2,3
volume-33-90,2,3
volume-33-91,2,3
volume-33-92,2,3
volume-33-93,2,3
volume-33-94,2,3
volume-33-95,2,3
volume-33-96,2,3
volume-33-97,2,3
volume-33-98,2,3
volume-33-99,2,3
volume-33-100,2,3
volume-33-101,2,3
volume-33-102,2,3
volume-33-103,2,3
volume-33-104,2,3
volume-33-105,2,3
volume-33-106,2,3
volume-33-107,2,3
volume-33-108,2,3
volume-33-109,2,3
volume-33-110,2,3
volume-33-111,2,3
volume-33-112,2,3
volume-33-113,2,3
volume-33-114,2,3
volume-33-115,2,3
volume-33-116,2,3
volume-33-117,2,3
volume-33-118,2,3
volume-33-119,2,3
volume-33-120,2,3
volume-33-121,2,3
volume-33-122,2,3
volume-33-123,2,3
volume-33-124,2,3
volume-35-44,2,3
volume-35-45,2,3
volume-35-46,2,3
volume-35-47,2,3
volume-35-48,2,3
volume-35-49,2,3
volume-35-50,2,3
volume-35-51,2,3
volume-35-52,2,3
volume-35-53,2,3
volume-35-54,2,3
volume-35-55,2,3
volume-35-56,2,3
volume-35-57,2,3
volume-35-58,2,3
volume-35-59,2,3
volume-35-60,2,3
volume-35-61,2,3
volume-35-62,2,3
volume-35-63,2,3
volume-35-64,2,3
volume-35-65,2,3
volume-35-66,2,3
volume-35-107,2,3
volume-35-108,2,3
volume-35-109,2,3
volume-35-110,2,3
volume-35-111,2,3
volume-35-112,2,3
volume-36-18,2,3
volume-36-19,2,3
volume-36-20,2,3
volume-36-21,2,3
volume-36-22,2,3
volume-36-23,2,3
volume-36-24,2,3
volume-36-25,2,3
volume-36-26,2,3
volume-36-27,2,3
volume-36-28,2,3
volume-36-29,2,3
volume-36-30,2,3
volume-36-31,2,3
volume-36-32,2,3
volume-36-33,2,3
volume-36-34,2,3
volume-36-35,2,3
volume-36-36,2,3
volume-36-37,2,3
volume-36-38,2,3
volume-36-39,2,3
volume-36-40,2,3
volume-36-41,2,3
volume-36-42,2,3
volume-36-43,2,3
volume-36-44,2,3
volume-36-45,2,3
volume-36-46,2,3
volume-36-47,2,3
volume-37-42,2,3
volume-37-43,2,3
volume-37-44,2,3
volume-37-45,2,3
volume-37-46,2,3
volume-37-47,2,3
volume-37-48,2,3
volume-37-49,2,3
volume-37-50,2,3
volume-37-51,2,3
volume-37-52,2,3
volume-37-53,2,3
volume-37-54,2,3
volume-37-61,2,3
volume-37-62,2,3
volume-37-63,2,3
volume-37-64,2,3
volume-37-65,2,3
volume-37-66,2,3
volume-37-67,2,3
volume-37-68,2,3
volume-37-69,2,3
volume-37-81,2,3
volume-37-82,2,3
volume-37-83,2,3
volume-37-84,2,3
volume-37-90,2,3
volume-37-91,2,3
volume-37-92,2,3
volume-37-93,2,3
volume-37-94,2,3
volume-37-95,2,3
volume-37-96,2,3
volume-37-97,2,3
volume-37-98,2,3
volume-37-99,2,3
volume-37-100,2,3
volume-37-101,2,3
volume-37-102,2,3
volume-37-103,2,3
volume-37-104,2,3
volume-37-105,2,3
volume-37-106,2,3
volume-37-107,2,3
volume-37-108,2,3
volume-37-109,2,3
volume-37-110,2,3
volume-37-111,2,3
volume-39-9,2,3
volume-39-10,2,3
volume-39-11,2,3
volume-39-12,2,3
volume-39-13,2,3
volume-39-14,2,3
volume-39-15,2,3
volume-39-16,2,3
volume-39-17,2,3
volume-39-18,2,3
volume-39-19,2,3
volume-39-20,2,3
volume-39-21,2,3
volume-39-22,2,3
volume-39-23,2,3
volume-39-24,2,3
volume-39-25,2,3
volume-39-26,2,3
volume-39-27,2,3
volume-39-28,2,3
volume-39-29,2,3
volume-39-30,2,3
volume-39-31,2,3
volume-39-32,2,3
volume-39-33,2,3
volume-39-34,2,3
volume-39-35,2,3
volume-39-36,2,3
volume-39-37,2,3
volume-39-38,2,3
volume-39-39,2,3
volume-39-40,2,3
volume-39-41,2,3
volume-39-42,2,3
volume-39-43,2,3
volume-39-44,2,3
volume-39-45,2,3
volume-39-46,2,3
volume-39-47,2,3
volume-39-48,2,3
volume-39-49,2,3
volume-39-50,2,3
volume-39-51,2,3
volume-39-52,2,3
volume-39-53,2,3
volume-39-54,2,3
volume-39-55,2,3
volume-39-56,2,3
volume-39-57,2,3
volume-39-58,2,3
volume-39-59,2,3
volume-39-60,2,3
volume-39-61,2,3
volume-39-62,2,3
volume-39-63,2,3
volume-39-64,2,3
volume-39-65,2,3
volume-39-66,2,3
volume-39-67,2,3
volume-39-68,2,3
volume-39-69,2,3
volume-39-70,2,3
volume-39-71,2,3
volume-39-72,2,3
volume-39-73,2,3
volume-39-74,2,3
volume-39-75,2,3
volume-39-76,2,3
volume-39-77,2,3
volume-39-78,2,3
volume-39-79,2,3
volume-39-80,2,3
volume-39-81,2,3
volume-39-82,2,3
volume-39-83,2,3
volume-39-84,2,3
volume-4-347,2,3
volume-4-348,2,3
volume-4-349,2,3
volume-4-350,2,3
volume-4-351,2,3
volume-4-352,2,3
volume-4-353,2,3
volume-4-354,2,3
volume-4-355,2,3
volume-4-356,2,3
volume-4-357,2,3
volume-4-358,2,3
volume-4-359,2,3
volume-4-360,2,3
volume-4-361,2,3
volume-4-362,2,3
volume-4-363,2,3
volume-4-364,2,3
volume-4-365,2,3
volume-4-366,2,3
volume-4-367,2,3
volume-4-368,2,3
volume-4-369,2,3
volume-4-370,2,3
volume-4-371,2,3
volume-4-372,2,3
volume-4-373,2,3
volume-4-374,2,3
volume-4-375,2,3
volume-4-376,2,3
volume-4-377,2,3
volume-4-378,2,3
volume-4-379,2,3
volume-4-380,2,3
volume-4-381,2,3
volume-4-382,2,3
volume-4-383,2,3
volume-4-384,2,3
volume-4-385,2,3
volume-4-386,2,3
volume-4-387,2,3
volume-4-388,2,3
volume-4-389,2,3
volume-4-390,2,3
volume-4-391,2,3
volume-4-392,2,3
volume-4-393,2,3
volume-4-394,2,3
volume-4-395,2,3
volume-4-396,2,3
volume-4-397,2,3
volume-4-398,2,3
volume-4-399,2,3
volume-4-400,2,3
volume-4-401,2,3
volume-4-402,2,3
volume-4-403,2,3
volume-4-404,2,3
volume-4-405,2,3
volume-4-406,2,3
volume-4-407,2,3
volume-4-408,2,3
volume-4-409,2,3
volume-4-410,2,3
volume-4-411,2,3
volume-4-412,2,3
volume-4-413,2,3
volume-4-414,2,3
volume-4-415,2,3
volume-4-416,2,3
volume-4-417,2,3
volume-4-418,2,3
volume-4-419,2,3
volume-4-420,2,3
volume-4-421,2,3
volume-4-422,2,3
volume-4-423,2,3
volume-4-424,2,3
volume-4-425,2,3
volume-4-426,2,3
volume-4-427,2,3
volume-4-428,2,3
volume-4-429,2,3
volume-4-430,2,3
volume-4-431,2,3
volume-4-432,2,3
volume-4-433,2,3
volume-4-434,2,3
volume-4-435,2,3
volume-4-436,2,3
volume-4-437,2,3
volume-4-438,2,3
volume-4-439,2,3
volume-4-440,2,3
volume-4-441,2,3
volume-4-442,2,3
volume-4-443,2,3
volume-4-444,2,3
volume-4-445,2,3
volume-4-446,2,3
volume-4-447,2,3
volume-4-448,2,3
volume-4-449,2,3
volume-4-450,2,3
volume-4-451,2,3
volume-4-452,2,3
volume-4-453,2,3
volume-4-454,2,3
volume-4-455,2,3
volume-4-456,2,3
volume-4-457,2,3
volume-4-458,2,3
volume-4-459,2,3
volume-4-460,2,3
volume-4-461,2,3
volume-4-462,2,3
volume-4-463,2,3
volume-4-464,2,3
volume-4-465,2,3
volume-4-466,2,3
volume-4-467,2,3
volume-4-468,2,3
volume-4-469,2,3
volume-4-470,2,3
volume-4-471,2,3
volume-4-472,2,3
volume-4-473,2,3
volume-4-474,2,3
volume-4-475,2,3
volume-4-476,2,3
volume-4-477,2,3
volume-4-478,2,3
volume-4-479,2,3
volume-4-480,2,3
volume-4-481,2,3
volume-4-482,2,3
volume-4-483,2,3
volume-4-484,2,3
volume-4-485,2,3
volume-4-486,2,3
volume-4-487,2,3
volume-4-488,2,3
volume-4-489,2,3
volume-4-490,2,3
volume-4-491,2,3
volume-4-492,2,3
volume-4-493,2,3
volume-4-494,2,3
volume-4-495,2,3
volume-4-496,2,3
volume-4-497,2,3
volume-4-498,2,3
volume-4-499,2,3
volume-4-500,2,3
volume-4-501,2,3
volume-4-502,2,3
volume-4-503,2,3
volume-4-504,2,3
volume-4-505,2,3
volume-4-506,2,3
volume-4-507,2,3
volume-4-508,2,3
volume-4-509,2,3
volume-4-510,2,3
volume-4-511,2,3
volume-4-512,2,3
volume-4-513,2,3
volume-4-514,2,3
volume-4-515,2,3
volume-4-516,2,3
volume-4-517,2,3
volume-4-518,2,3
volume-4-519,2,3
volume-4-520,2,3
volume-4-521,2,3
volume-4-522,2,3
volume-4-523,2,3
volume-4-524,2,3
volume-4-525,2,3
volume-4-526,2,3
volume-4-527,2,3
volume-4-528,2,3
volume-4-529,2,3
volume-4-530,2,3
volume-4-531,2,3
volume-4-532,2,3
volume-4-533,2,3
volume-4-534,2,3
volume-4-535,2,3
volume-4-536,2,3
volume-4-537,2,3
volume-4-538,2,3
volume-4-539,2,3
volume-4-540,2,3
volume-4-541,2,3
volume-4-542,2,3
volume-4-543,2,3
volume-4-544,2,3
volume-4-545,2,3
volume-4-546,2,3
volume-4-547,2,3
volume-4-548,2,3
volume-4-549,2,3
volume-4-550,2,3
volume-4-551,2,3
volume-4-552,2,3
volume-4-553,2,3
volume-4-554,2,3
volume-4-555,2,3
volume-4-556,2,3
volume-4-557,2,3
volume-4-558,2,3
volume-4-559,2,3
volume-4-560,2,3
volume-4-561,2,3
volume-4-562,2,3
volume-4-563,2,3
volume-4-564,2,3
volume-4-565,2,3
volume-4-566,2,3
volume-4-567,2,3
volume-4-568,2,3
volume-4-569,2,3
volume-4-570,2,3
volume-4-571,2,3
volume-4-572,2,3
volume-4-573,2,3
volume-4-574,2,3
volume-4-575,2,3
volume-4-576,2,3
volume-4-577,2,3
volume-4-578,2,3
volume-4-579,2,3
volume-4-580,2,3
volume-4-581,2,3
volume-4-582,2,3
volume-4-583,2,3
volume-4-584,2,3
volume-4-585,2,3
volume-4-586,2,3
volume-4-587,2,3
volume-4-588,2,3
volume-4-589,2,3
volume-4-590,2,3
volume-40-53,2,3
volume-40-54,2,3
volume-40-55,2,3
volume-40-56,2,3
volume-40-57,2,3
volume-40-58,2,3
volume-40-59,2,3
volume-40-60,2,3
volume-40-61,2,3
volume-40-62,2,3
volume-40-63,2,3
volume-40-64,2,3
volume-40-65,2,3
volume-40-66,2,3
volume-40-67,2,3
volume-40-68,2,3
volume-40-69,2,3
volume-40-70,2,3
volume-40-71,2,3
volume-40-72,2,3
volume-40-73,2,3
volume-40-74,2,3
volume-40-75,2,3
volume-40-76,2,3
volume-40-77,2,3
volume-40-78,2,3
volume-40-79,2,3
volume-40-80,2,3
volume-40-81,2,3
volume-40-82,2,3
volume-40-83,2,3
volume-40-84,2,3
volume-40-85,2,3
volume-40-86,2,3
volume-40-87,2,3
volume-40-88,2,3
volume-40-89,2,3
volume-40-90,2,3
volume-40-91,2,3
volume-40-92,2,3
volume-40-93,2,3
volume-40-94,2,3
volume-40-95,2,3
volume-40-96,2,3
volume-40-97,2,3
volume-40-98,2,3
volume-40-99,2,3
volume-40-100,2,3
volume-40-101,2,3
volume-40-102,2,3
volume-40-103,2,3
volume-40-104,2,3
volume-40-105,2,3
volume-40-106,2,3
volume-42-102,2,3
volume-42-103,2,3
volume-42-104,2,3
volume-42-105,2,3
volume-42-106,2,3
volume-42-107,2,3
volume-42-108,2,3
volume-43-52,2,3
volume-43-53,2,3
volume-43-54,2,3
volume-43-55,2,3
volume-43-56,2,3
volume-43-57,2,3
volume-43-58,2,3
volume-43-59,2,3
volume-43-60,2,3
volume-43-61,2,3
volume-43-62,2,3
volume-43-63,2,3
volume-43-64,2,3
volume-43-65,2,3
volume-43-66,2,3
volume-44-78,2,3
volume-44-79,2,3
volume-44-80,2,3
volume-44-81,2,3
volume-44-82,2,3
volume-44-83,2,3
volume-44-84,2,3
volume-44-85,2,3
volume-44-86,2,3
volume-44-87,2,3
volume-44-88,2,3
volume-44-89,2,3
volume-44-90,2,3
volume-44-91,2,3
volume-44-92,2,3
volume-44-93,2,3
volume-44-94,2,3
volume-44-95,2,3
volume-44-96,2,3
volume-44-97,2,3
volume-44-98,2,3
volume-44-99,2,3
volume-44-100,2,3
volume-44-101,2,3
volume-44-102,2,3
volume-44-103,2,3
volume-44-104,2,3
volume-44-105,2,3
volume-44-106,2,3
volume-44-107,2,3
volume-44-108,2,3
volume-44-109,2,3
volume-44-110,2,3
volume-44-111,2,3
volume-44-112,2,3
volume-44-113,2,3
volume-45-31,2,3
volume-45-32,2,3
volume-45-33,2,3
volume-45-34,2,3
volume-45-35,2,3
volume-45-36,2,3
volume-45-37,2,3
volume-45-38,2,3
volume-45-39,2,3
volume-45-40,2,3
volume-45-41,2,3
volume-46-35,2,3
volume-46-36,2,3
volume-46-37,2,3
volume-46-38,2,3
volume-46-39,2,3
volume-46-40,2,3
volume-46-41,2,3
volume-46-42,2,3
volume-46-43,2,3
volume-46-44,2,3
volume-46-45,2,3
volume-46-46,2,3
volume-46-47,2,3
volume-46-48,2,3
volume-46-49,2,3
volume-46-50,2,3
volume-46-51,2,3
volume-46-52,2,3
volume-46-53,2,3
volume-46-54,2,3
volume-46-55,2,3
volume-46-56,2,3
volume-46-57,2,3
volume-46-58,2,3
volume-46-59,2,3
volume-46-60,2,3
volume-46-61,2,3
volume-46-62,2,3
volume-46-63,2,3
volume-46-64,2,3
volume-46-65,2,3
volume-46-66,2,3
volume-46-67,2,3
volume-48-135,2,3
volume-48-136,2,3
volume-48-137,2,3
volume-48-138,2,3
volume-48-139,2,3
volume-48-140,2,3
volume-48-141,2,3
volume-48-142,2,3
volume-48-143,2,3
volume-48-144,2,3
volume-48-145,2,3
volume-48-146,2,3
volume-48-147,2,3
volume-48-148,2,3
volume-48-149,2,3
volume-48-150,2,3
volume-48-151,2,3
volume-48-152,2,3
volume-48-153,2,3
volume-48-154,2,3
volume-48-160,2,3
volume-48-161,2,3
volume-48-162,2,3
volume-48-166,2,3
volume-48-167,2,3
volume-48-174,2,3
volume-48-175,2,3
volume-49-123,2,3
volume-49-124,2,3
volume-49-131,2,3
volume-49-133,2,3
volume-49-136,2,3
volume-49-141,2,3
volume-49-146,2,3
volume-49-147,2,3
volume-49-148,2,3
volume-49-149,2,3
volume-49-150,2,3
volume-49-151,2,3
volume-49-152,2,3
volume-49-153,2,3
volume-49-154,2,3
volume-49-155,2,3
volume-49-156,2,3
volume-49-158,2,3
volume-49-159,2,3
volume-49-161,2,3
volume-49-162,2,3
volume-49-163,2,3
volume-49-164,2,3
volume-5-451,2,3
volume-5-452,2,3
volume-5-453,2,3
volume-5-454,2,3
volume-5-455,2,3
volume-5-456,2,3
volume-5-457,2,3
volume-5-458,2,3
volume-5-459,2,3
volume-5-460,2,3
volume-5-461,2,3
volume-50-136,2,3
volume-50-137,2,3
volume-50-138,2,3
volume-50-139,2,3
volume-50-140,2,3
volume-50-141,2,3
volume-50-142,2,3
volume-51-104,2,3
volume-51-105,2,3
volume-51-106,2,3
volume-51-107,2,3
volume-51-108,2,3
volume-51-109,2,3
volume-51-110,2,3
volume-51-111,2,3
volume-51-112,2,3
volume-51-113,2,3
volume-51-114,2,3
volume-51-115,2,3
volume-51-123,2,3
volume-51-124,2,3
volume-51-125,2,3
volume-51-126,2,3
volume-51-127,2,3
volume-51-128,2,3
volume-51-129,2,3
volume-51-130,2,3
volume-51-131,2,3
volume-51-132,2,3
volume-51-133,2,3
volume-51-134,2,3
volume-51-135,2,3
volume-51-136,2,3
volume-51-137,2,3
volume-51-138,2,3
volume-51-139,2,3
volume-51-140,2,3
volume-51-141,2,3
volume-51-142,2,3
volume-51-143,2,3
volume-51-144,2,3
volume-51-145,2,3
volume-52-113,2,3
volume-52-114,2,3
volume-52-115,2,3
volume-52-116,2,3
volume-52-117,2,3
volume-52-118,2,3
volume-52-119,2,3
volume-52-127,2,3
volume-52-128,2,3
volume-52-129,2,3
volume-52-130,2,3
volume-52-131,2,3
volume-52-132,2,3
volume-52-133,2,3
volume-52-134,2,3
volume-52-135,2,3
volume-52-136,2,3
volume-52-137,2,3
volume-52-138,2,3
volume-52-139,2,3
volume-52-140,2,3
volume-53-61,2,3
volume-53-62,2,3
volume-53-63,2,3
volume-53-64,2,3
volume-53-65,2,3
volume-53-66,2,3
volume-53-70,2,3
volume-53-71,2,3
volume-53-72,2,3
volume-53-73,2,3
volume-54-76,2,3
volume-54-77,2,3
volume-54-78,2,3
volume-54-79,2,3
volume-55-164,2,3
volume-55-165,2,3
volume-55-166,2,3
volume-55-167,2,3
volume-55-168,2,3
volume-55-169,2,3
volume-56-136,2,3
volume-56-137,2,3
volume-56-138,2,3
volume-56-139,2,3
volume-56-140,2,3
volume-56-141,2,3
volume-56-142,2,3
volume-56-143,2,3
volume-56-144,2,3
volume-56-145,2,3
volume-56-146,2,3
volume-56-147,2,3
volume-56-148,2,3
volume-56-149,2,3
volume-56-150,2,3
volume-56-151,2,3
volume-56-152,2,3
volume-56-153,2,3
volume-56-154,2,3
volume-56-155,2,3
volume-56-156,2,3
volume-56-157,2,3
volume-56-158,2,3
volume-56-175,2,3
volume-56-176,2,3
volume-56-177,2,3
volume-56-178,2,3
volume-56-179,2,3
volume-56-180,2,3
volume-56-181,2,3
volume-56-182,2,3
volume-56-183,2,3
volume-56-184,2,3
volume-56-185,2,3
volume-56-186,2,3
volume-56-187,2,3
volume-56-188,2,3
volume-56-189,2,3
volume-56-190,2,3
volume-56-191,2,3
volume-56-192,2,3
volume-56-193,2,3
volume-56-194,2,3
volume-56-195,2,3
volume-56-196,2,3
volume-56-197,2,3
volume-56-198,2,3
volume-56-199,2,3
volume-56-200,2,3
volume-56-201,2,3
volume-56-202,2,3
volume-56-203,2,3
volume-56-204,2,3
volume-56-205,2,3
volume-56-206,2,3
volume-56-207,2,3
volume-56-208,2,3
volume-56-209,2,3
volume-56-210,2,3
volume-56-211,2,3
volume-56-212,2,3
volume-56-213,2,3
volume-56-214,2,3
volume-56-215,2,3
volume-56-216,2,3
volume-56-217,2,3
volume-57-308,2,3
volume-57-309,2,3
volume-57-310,2,3
volume-57-311,2,3
volume-57-312,2,3
volume-57-317,2,3
volume-57-318,2,3
volume-57-319,2,3
volume-57-320,2,3
volume-57-321,2,3
volume-57-322,2,3
volume-57-323,2,3
volume-57-324,2,3
volume-57-325,2,3
volume-57-326,2,3
volume-57-327,2,3
volume-57-328,2,3
volume-57-329,2,3
volume-57-330,2,3
volume-57-331,2,3
volume-57-332,2,3
volume-57-333,2,3
volume-58-162,2,3
volume-58-163,2,3
volume-58-164,2,3
volume-58-165,2,3
volume-58-166,2,3
volume-58-167,2,3
volume-58-168,2,3
volume-58-169,2,3
volume-58-170,2,3
volume-58-171,2,3
volume-58-183,2,3
volume-58-184,2,3
volume-58-185,2,3
volume-58-186,2,3
volume-58-190,2,3
volume-58-191,2,3
volume-58-192,2,3
volume-59-141,2,3
volume-59-142,2,3
volume-59-143,2,3
volume-59-144,2,3
volume-6-336,2,3
volume-6-337,2,3
volume-6-338,2,3
volume-6-339,2,3
volume-6-340,2,3
volume-6-341,2,3
volume-6-342,2,3
volume-6-343,2,3
volume-6-344,2,3
volume-6-345,2,3
volume-6-346,2,3
volume-6-347,2,3
volume-6-348,2,3
volume-6-349,2,3
volume-6-350,2,3
volume-6-351,2,3
volume-6-352,2,3
volume-6-353,2,3
volume-6-354,2,3
volume-6-355,2,3
volume-6-356,2,3
volume-6-357,2,3
volume-6-358,2,3
volume-6-359,2,3
volume-6-360,2,3
volume-6-361,2,3
volume-6-362,2,3
volume-6-363,2,3
volume-6-364,2,3
volume-6-365,2,3
volume-6-366,2,3
volume-6-367,2,3
volume-6-368,2,3
volume-6-369,2,3
volume-6-370,2,3
volume-6-371,2,3
volume-6-372,2,3
volume-6-373,2,3
volume-6-374,2,3
volume-6-375,2,3
volume-6-376,2,3
volume-6-377,2,3
volume-6-378,2,3
volume-6-379,2,3
volume-6-380,2,3
volume-6-381,2,3
volume-6-382,2,3
volume-6-383,2,3
volume-6-384,2,3
volume-6-385,2,3
volume-6-386,2,3
volume-6-387,2,3
volume-6-388,2,3
volume-6-389,2,3
volume-6-390,2,3
volume-6-391,2,3
volume-6-392,2,3
volume-6-393,2,3
volume-6-394,2,3
volume-6-395,2,3
volume-6-396,2,3
volume-6-397,2,3
volume-6-398,2,3
volume-6-399,2,3
volume-6-400,2,3
volume-6-401,2,3
volume-6-402,2,3
volume-6-446,2,3
volume-6-447,2,3
volume-6-448,2,3
volume-6-449,2,3
volume-6-450,2,3
volume-6-451,2,3
volume-6-463,2,3
volume-6-464,2,3
volume-6-465,2,3
volume-6-466,2,3
volume-6-467,2,3
volume-6-468,2,3
volume-6-469,2,3
volume-6-470,2,3
volume-6-471,2,3
volume-6-472,2,3
volume-6-473,2,3
volume-6-474,2,3
volume-6-475,2,3
volume-6-476,2,3
volume-6-477,2,3
volume-6-478,2,3
volume-6-479,2,3
volume-6-480,2,3
volume-6-481,2,3
volume-60-184,2,3
volume-60-185,2,3
volume-60-186,2,3
volume-60-187,2,3
volume-60-188,2,3
volume-60-189,2,3
volume-60-190,2,3
volume-60-191,2,3
volume-60-192,2,3
volume-60-193,2,3
volume-60-194,2,3
volume-60-195,2,3
volume-60-196,2,3
volume-60-197,2,3
volume-60-198,2,3
volume-60-199,2,3
volume-60-200,2,3
volume-60-201,2,3
volume-61-145,2,3
volume-61-146,2,3
volume-61-147,2,3
volume-61-148,2,3
volume-61-149,2,3
volume-61-150,2,3
volume-61-151,2,3
volume-61-152,2,3
volume-61-155,2,3
volume-61-156,2,3
volume-61-157,2,3
volume-62-92,2,3
volume-62-93,2,3
volume-62-94,2,3
volume-62-111,2,3
volume-62-112,2,3
volume-62-113,2,3
volume-62-114,2,3
volume-62-115,2,3
volume-62-116,2,3
volume-62-117,2,3
volume-62-118,2,3
volume-62-119,2,3
volume-62-120,2,3
volume-63-71,2,4
volume-63-80,2,4
volume-63-81,2,4
volume-63-82,2,4
volume-63-83,2,4
volume-63-86,2,4
volume-63-89,2,4
volume-64-169,2,4
volume-64-170,2,4
volume-64-171,2,4
volume-64-172,2,4
volume-64-173,2,4
volume-64-174,2,4
volume-64-175,2,4
volume-64-176,2,4
volume-64-177,2,4
volume-64-178,2,4
volume-64-179,2,4
volume-64-180,2,4
volume-64-181,2,4
volume-64-182,2,4
volume-64-183,2,4
volume-64-184,2,4
volume-64-185,2,4
volume-64-186,2,4
volume-64-187,2,4
volume-64-188,2,4
volume-64-189,2,4
volume-64-190,2,4
volume-64-191,2,4
volume-64-192,2,4
volume-64-193,2,4
volume-64-194,2,4
volume-64-195,2,4
volume-64-196,2,4
volume-64-197,2,4
volume-64-198,2,4
volume-64-199,2,4
volume-64-200,2,4
volume-64-201,2,4
volume-64-202,2,4
volume-64-203,2,4
volume-64-204,2,4
volume-64-205,2,4
volume-64-206,2,4
volume-65-420,2,4
volume-65-421,2,4
volume-65-422,2,4
volume-65-423,2,4
volume-65-424,2,4
volume-65-425,2,4
volume-65-426,2,4
volume-65-427,2,4
volume-65-428,2,4
volume-65-429,2,4
volume-66-58,2,4
volume-66-59,2,4
volume-66-60,2,4
volume-66-77,2,4
volume-66-78,2,4
volume-66-79,2,4
volume-66-80,2,4
volume-67-125,2,4
volume-67-126,2,4
volume-67-127,2,4
volume-67-128,2,4
volume-67-129,2,4
volume-68-127,2,4
volume-68-128,2,4
volume-68-129,2,4
volume-68-130,2,4
volume-68-131,2,4
volume-68-132,2,4
volume-68-133,2,4
volume-68-134,2,4
volume-68-135,2,4
volume-69-199,2,4
volume-69-200,2,4
volume-69-201,2,4
volume-69-202,2,4
volume-69-203,2,4
volume-69-204,2,4
volume-69-205,2,4
volume-69-206,2,4
volume-69-207,2,4
volume-69-208,2,4
volume-7-358,2,4
volume-7-359,2,4
volume-7-360,2,4
volume-7-361,2,4
volume-7-362,2,4
volume-7-363,2,4
volume-7-364,2,4
volume-7-365,2,4
volume-7-366,2,4
volume-7-367,2,4
volume-7-368,2,4
volume-7-369,2,4
volume-7-370,2,4
volume-7-371,2,4
volume-7-372,2,4
volume-7-373,2,4
volume-7-374,2,4
volume-7-375,2,4
volume-7-376,2,4
volume-7-377,2,4
volume-7-378,2,4
volume-7-379,2,4
volume-7-380,2,4
volume-7-381,2,4
volume-7-382,2,4
volume-7-383,2,4
volume-7-384,2,4
volume-7-385,2,4
volume-7-386,2,4
volume-7-387,2,4
volume-7-388,2,4
volume-7-389,2,4
volume-7-390,2,4
volume-7-391,2,4
volume-7-392,2,4
volume-7-393,2,4
volume-7-394,2,4
volume-7-396,2,4
volume-7-397,2,4
volume-7-398,2,4
volume-7-399,2,4
volume-7-400,2,4
volume-7-401,2,4
volume-7-402,2,4
volume-7-403,2,4
volume-7-404,2,4
volume-7-405,2,4
volume-7-406,2,4
volume-7-407,2,4
volume-7-408,2,4
volume-7-409,2,4
volume-7-410,2,4
volume-7-411,2,4
volume-7-412,2,4
volume-7-413,2,4
volume-7-414,2,4
volume-7-415,2,4
volume-7-416,2,4
volume-7-417,2,4
volume-7-458,2,4
volume-7-459,2,4
volume-7-460,2,4
volume-7-461,2,4
volume-7-462,2,4
volume-7-463,2,4
volume-7-464,2,4
volume-7-475,2,4
volume-7-476,2,4
volume-7-477,2,4
volume-7-478,2,4
volume-7-479,2,4
volume-7-480,2,4
volume-7-481,2,4
volume-7-482,2,4
volume-7-483,2,4
volume-7-484,2,4
volume-7-485,2,4
volume-7-486,2,4
volume-7-487,2,4
volume-7-488,2,4
volume-7-489,2,4
volume-7-490,2,4
volume-7-491,2,4
volume-70-256,2,4
volume-70-257,2,4
volume-70-258,2,4
volume-70-260,2,4
volume-70-261,2,4
volume-70-262,2,4
volume-70-263,2,4
volume-70-264,2,4
volume-70-265,2,4
volume-70-266,2,4
volume-70-267,2,4
volume-70-268,2,4
volume-70-269,2,4
volume-70-270,2,4
volume-70-271,2,4
volume-70-272,2,4
volume-70-273,2,4
volume-70-274,2,4
volume-70-275,2,4
volume-70-276,2,4
volume-70-277,2,4
volume-70-278,2,4
volume-70-279,2,4
volume-70-280,2,4
volume-70-281,2,4
volume-70-282,2,4
volume-70-283,2,4
volume-70-284,2,4
volume-70-285,2,4
volume-70-286,2,4
volume-70-287,2,4
volume-70-288,2,4
volume-70-289,2,4
volume-70-290,2,4
volume-70-291,2,4
volume-70-292,2,4
volume-70-293,2,4
volume-70-294,2,4
volume-70-295,2,4
volume-70-296,2,4
volume-70-297,2,4
volume-70-298,2,4
volume-70-299,2,4
volume-70-300,2,4
volume-70-301,2,4
volume-70-302,2,4
volume-70-303,2,4
volume-70-304,2,4
volume-70-305,2,4
volume-70-306,2,4
volume-70-307,2,4
volume-71-65,2,4
volume-71-66,2,4
volume-71-67,2,4
volume-71-68,2,4
volume-71-69,2,4
volume-71-70,2,4
volume-71-71,2,4
volume-71-72,2,4
volume-71-73,2,4
volume-71-74,2,4
volume-71-75,2,4
volume-71-76,2,4
volume-71-77,2,4
volume-71-78,2,4
volume-71-79,2,4
volume-71-80,2,4
volume-71-81,2,4
volume-71-82,2,4
volume-71-83,2,4
volume-71-84,2,4
volume-72-65,2,4
volume-72-66,2,4
volume-72-67,2,4
volume-72-68,2,4
volume-72-69,2,4
volume-72-70,2,4
volume-72-71,2,4
volume-72-72,2,4
volume-72-73,2,4
volume-72-74,2,4
volume-72-75,2,4
volume-72-76,2,4
volume-72-77,2,4
volume-72-78,2,4
volume-72-79,2,4
volume-72-80,2,4
volume-72-81,2,4
volume-73-97,2,4
volume-73-98,2,4
volume-73-99,2,4
volume-73-100,2,4
volume-74-73,2,4
volume-74-74,2,4
volume-74-75,2,4
volume-74-76,2,4
volume-74-77,2,4
volume-74-78,2,4
volume-74-79,2,4
volume-74-80,2,4
volume-74-81,2,4
volume-74-82,2,4
volume-75-51,2,4
volume-75-52,2,4
volume-75-64,2,4
volume-75-65,2,4
volume-75-66,2,4
volume-75-68,2,4
volume-75-69,2,4
volume-75-70,2,4
volume-75-71,2,4
volume-75-72,2,4
volume-75-74,2,4
volume-75-75,2,4
volume-76-92,2,4
volume-76-93,2,4
volume-76-94,2,4
volume-76-95,2,4
volume-76-96,2,4
volume-76-97,2,4
volume-76-98,2,4
volume-76-99,2,4
volume-76-100,2,4
volume-76-101,2,4
volume-76-102,2,4
volume-76-103,2,4
volume-76-104,2,4
volume-76-105,2,4
volume-76-106,2,4
volume-76-107,2,4
volume-76-108,2,4
volume-76-110,2,4
volume-76-111,2,4
volume-76-115,2,4
volume-76-116,2,4
volume-76-117,2,4
volume-76-118,2,4
volume-76-119,2,4
volume-76-120,2,4
volume-76-121,2,4
volume-76-122,2,4
volume-76-123,2,4
volume-76-124,2,4
volume-76-126,2,4
volume-76-127,2,4
volume-76-128,2,4
volume-76-129,2,4
volume-76-130,2,4
volume-76-131,2,4
volume-76-132,2,4
volume-76-133,2,4
volume-76-134,2,4
volume-76-135,2,4
volume-76-136,2,4
volume-76-137,2,4
volume-76-138,2,4
volume-76-139,2,4
volume-76-140,2,4
volume-76-141,2,4
volume-76-142,2,4
volume-76-143,2,4
volume-76-144,2,4
volume-76-145,2,4
volume-76-146,2,4
volume-76-147,2,4
volume-76-148,2,4
volume-76-149,2,4
volume-76-150,2,4
volume-76-151,2,4
volume-76-152,2,4
volume-76-153,2,4
volume-76-154,2,4
volume-76-155,2,4
volume-77-74,2,4
volume-77-75,2,4
volume-77-76,2,4
volume-77-77,2,4
volume-77-78,2,4
volume-77-85,2,4
volume-77-86,2,4
volume-77-87,2,4
volume-78-134,2,4
volume-78-135,2,4
volume-78-136,2,4
volume-78-137,2,4
volume-78-138,2,4
volume-78-139,2,4
volume-78-140,2,4
volume-78-141,2,4
volume-78-142,2,4
volume-78-143,2,4
volume-78-149,2,4
volume-78-150,2,4
volume-78-151,2,4
volume-78-152,2,4
volume-78-153,2,4
volume-78-154,2,4
volume-78-155,2,4
volume-78-156,2,4
volume-78-157,2,4
volume-78-158,2,4
volume-78-159,2,4
volume-78-160,2,4
volume-78-161,2,4
volume-78-162,2,4
volume-78-163,2,4
volume-78-164,2,4
volume-78-165,2,4
volume-78-166,2,4
volume-78-167,2,4
volume-78-168,2,4
volume-78-169,2,4
volume-78-170,2,4
volume-78-175,2,4
volume-78-176,2,4
volume-78-177,2,4
volume-78-178,2,4
volume-79-113,2,4
volume-79-114,2,4
volume-79-115,2,4
volume-79-116,2,4
volume-79-117,2,4
volume-79-118,2,4
volume-79-119,2,4
volume-79-120,2,4
volume-79-121,2,4
volume-79-122,2,4
volume-79-123,2,4
volume-79-124,2,4
volume-79-125,2,4
volume-79-126,2,4
volume-79-127,2,4
volume-79-128,2,4
volume-79-129,2,4
volume-79-130,2,4
volume-8-367,2,4
volume-8-368,2,4
volume-8-369,2,4
volume-8-370,2,4
volume-8-371,2,4
volume-8-372,2,4
volume-8-373,2,4
volume-8-374,2,4
volume-8-375,2,4
volume-8-376,2,4
volume-8-377,2,4
volume-8-378,2,4
volume-8-379,2,4
volume-8-380,2,4
volume-8-381,2,4
volume-8-382,2,4
volume-8-383,2,4
volume-8-384,2,4
volume-8-385,2,4
volume-8-386,2,4
volume-8-387,2,4
volume-8-388,2,4
volume-8-389,2,4
volume-8-390,2,4
volume-8-391,2,4
volume-8-392,2,4
volume-8-393,2,4
volume-8-394,2,4
volume-8-395,2,4
volume-8-396,2,4
volume-8-397,2,4
volume-8-398,2,4
volume-8-399,2,4
volume-8-400,2,4
volume-8-401,2,4
volume-8-407,2,4
volume-8-408,2,4
volume-8-409,2,4
volume-8-410,2,4
volume-8-411,2,4
volume-8-412,2,4
volume-8-413,2,4
volume-8-414,2,4
volume-8-415,2,4
volume-8-416,2,4
volume-8-417,2,4
volume-8-418,2,4
volume-8-419,2,4
volume-8-420,2,4
volume-8-421,2,4
volume-8-422,2,4
volume-8-423,2,4
volume-8-424,2,4
volume-8-425,2,4
volume-8-426,2,4
volume-8-427,2,4
volume-8-468,2,4
volume-8-469,2,4
volume-8-470,2,4
volume-8-471,2,4
volume-8-472,2,4
volume-8-473,2,4
volume-8-474,2,4
volume-8-475,2,4
volume-8-476,2,4
volume-8-477,2,4
volume-8-478,2,4
volume-8-479,2,4
volume-8-480,2,4
volume-8-481,2,4
volume-8-482,2,4
volume-8-483,2,4
volume-8-484,2,4
volume-8-485,2,4
volume-8-486,2,4
volume-8-487,2,4
volume-8-488,2,4
volume-8-489,2,4
volume-8-490,2,4
volume-8-491,2,4
volume-8-492,2,4
volume-80-145,2,4
volume-80-146,2,4
volume-80-147,2,4
volume-80-148,2,4
volume-80-149,2,4
volume-80-150,2,4
volume-80-151,2,4
volume-80-152,2,4
volume-80-153,2,4
volume-80-154,2,4
volume-80-155,2,4
volume-80-156,2,4
volume-80-157,2,4
volume-80-158,2,4
volume-80-159,2,4
volume-80-160,2,4
volume-80-161,2,4
volume-80-162,2,4
volume-80-163,2,4
volume-80-164,2,4
volume-80-165,2,4
volume-80-166,2,4
volume-80-167,2,4
volume-80-168,2,4
volume-80-169,2,4
volume-80-170,2,4
volume-80-171,2,4
volume-80-172,2,4
volume-80-173,2,4
volume-80-174,2,4
volume-81-240,2,4
volume-81-241,2,4
volume-81-242,2,4
volume-81-243,2,4
volume-81-244,2,4
volume-81-245,2,4
volume-81-246,2,4
volume-81-247,2,4
volume-81-248,2,4
volume-81-249,2,4
volume-81-250,2,4
volume-81-251,2,4
volume-81-252,2,4
volume-81-253,2,4
volume-82-365,2,4
volume-82-366,2,4
volume-82-367,2,4
volume-82-368,2,4
volume-82-369,2,4
volume-82-370,2,4
volume-82-371,2,4
volume-82-372,2,4
volume-82-373,2,4
volume-82-374,2,4
volume-82-375,2,4
volume-82-376,2,4
volume-82-377,2,4
volume-82-378,2,4
volume-82-379,2,4
volume-82-380,2,4
volume-82-381,2,4
volume-82-382,2,4
volume-82-383,2,4
volume-82-384,2,4
volume-82-385,2,4
volume-82-386,2,4
volume-82-387,2,4
volume-82-388,2,4
volume-82-389,2,4
volume-82-390,2,4
volume-82-391,2,4
volume-82-392,2,4
volume-82-393,2,4
volume-82-394,2,4
volume-82-395,2,4
volume-82-396,2,4
volume-82-397,2,4
volume-82-398,2,4
volume-82-399,2,4
volume-82-400,2,4
volume-82-401,2,4
volume-82-402,2,4
volume-82-403,2,4
volume-82-404,2,4
volume-82-405,2,4
volume-82-406,2,4
volume-82-407,2,4
volume-82-408,2,4
volume-82-409,2,4
volume-82-410,2,4
volume-82-411,2,4
volume-82-412,2,4
volume-82-413,2,4
volume-82-414,2,4
volume-82-415,2,4
volume-82-416,2,4
volume-82-417,2,4
volume-82-418,2,4
volume-82-419,2,4
volume-82-420,2,4
volume-82-421,2,4
volume-82-422,2,4
volume-82-423,2,4
volume-82-424,2,4
volume-83-569,2,4
volume-83-570,2,4
volume-83-571,2,4
volume-83-572,2,4
volume-83-573,2,4
volume-84-420,2,4
volume-84-421,2,4
volume-84-422,2,4
volume-84-423,2,4
volume-84-424,2,4
volume-84-425,2,4
volume-84-426,2,4
volume-84-427,2,4
volume-84-428,2,4
volume-84-429,2,4
volume-84-430,2,4
volume-84-431,2,4
volume-84-432,2,4
volume-84-433,2,4
volume-84-434,2,4
volume-84-435,2,4
volume-84-436,2,4
volume-84-437,2,4
volume-84-438,2,4
volume-84-439,2,4
volume-84-440,2,4
volume-84-441,2,4
volume-84-442,2,4
volume-84-443,2,4
volume-84-444,2,4
volume-84-445,2,4
volume-84-446,2,4
volume-84-447,2,4
volume-84-448,2,4
volume-84-449,2,4
volume-84-450,2,4
volume-84-451,2,4
volume-84-452,2,4
volume-84-453,2,4
volume-84-454,2,4
volume-84-455,2,4
volume-84-456,2,4
volume-84-457,2,4
volume-84-458,2,4
volume-84-459,2,4
volume-84-460,2,4
volume-84-461,2,4
volume-84-462,2,4
volume-84-463,2,4
volume-84-464,2,4
volume-84-465,2,4
volume-84-466,2,4
volume-84-467,2,4
volume-84-468,2,4
volume-84-469,2,4
volume-84-470,2,4
volume-84-471,2,4
volume-84-472,2,4
volume-84-473,2,4
volume-84-474,2,4
volume-84-480,2,4
volume-84-481,2,4
volume-84-482,2,4
volume-84-483,2,4
volume-84-484,2,4
volume-84-485,2,4
volume-84-486,2,4
volume-84-487,2,4
volume-84-488,2,4
volume-84-489,2,4
volume-84-490,2,4
volume-84-491,2,4
volume-84-492,2,4
volume-84-493,2,4
volume-84-494,2,4
volume-84-495,2,4
volume-84-496,2,4
volume-84-497,2,4
volume-84-498,2,4
volume-84-499,2,4
volume-84-500,2,4
volume-84-501,2,4
volume-84-502,2,4
volume-84-503,2,4
volume-84-504,2,4
volume-84-505,2,4
volume-84-506,2,4
volume-84-507,2,4
volume-84-508,2,4
volume-84-509,2,4
volume-84-510,2,4
volume-84-511,2,4
volume-84-512,2,4
volume-84-513,2,4
volume-84-514,2,4
volume-84-515,2,4
volume-84-516,2,4
volume-84-517,2,4
volume-84-518,2,4
volume-84-519,2,4
volume-84-520,2,4
volume-84-521,2,4
volume-84-522,2,4
volume-84-523,2,4
volume-84-524,2,4
volume-84-525,2,4
volume-84-526,2,4
volume-84-527,2,4
volume-84-528,2,4
volume-84-529,2,4
volume-84-530,2,4
volume-84-531,2,4
volume-84-532,2,4
volume-84-533,2,4
volume-84-534,2,4
volume-84-535,2,4
volume-84-536,2,4
volume-84-537,2,4
volume-84-538,2,4
volume-84-539,2,4
volume-84-540,2,4
volume-84-541,2,4
volume-84-542,2,4
volume-84-543,2,4
volume-84-544,2,4
volume-84-545,2,4
volume-84-546,2,4
volume-84-547,2,4
volume-84-548,2,4
volume-84-549,2,4
volume-84-550,2,4
volume-84-551,2,4
volume-84-552,2,4
volume-84-553,2,4
volume-84-554,2,4
volume-84-555,2,4
volume-84-556,2,4
volume-84-557,2,4
volume-84-558,2,4
volume-84-559,2,4
volume-84-560,2,4
volume-84-561,2,4
volume-84-562,2,4
volume-84-563,2,4
volume-84-564,2,4
volume-84-565,2,4
volume-84-566,2,4
volume-84-567,2,4
volume-84-568,2,4
volume-84-569,2,4
volume-84-570,2,4
volume-84-571,2,4
volume-84-572,2,4
volume-84-573,2,4
volume-84-574,2,4
volume-84-575,2,4
volume-84-576,2,4
volume-84-577,2,4
volume-84-578,2,4
volume-84-579,2,4
volume-84-580,2,4
volume-84-581,2,4
volume-84-582,2,4
volume-84-583,2,4
volume-84-584,2,4
volume-84-585,2,4
volume-84-586,2,4
volume-84-587,2,4
volume-84-588,2,4
volume-84-589,2,4
volume-84-590,2,4
volume-84-591,2,4
volume-84-592,2,4
volume-84-593,2,4
volume-84-594,2,4
volume-84-595,2,4
volume-84-596,2,4
volume-84-597,2,4
volume-84-598,2,4
volume-84-599,2,4
volume-84-600,2,4
volume-84-601,2,4
volume-84-602,2,4
volume-84-603,2,4
volume-84-604,2,4
volume-84-605,2,4
volume-84-606,2,4
volume-84-607,2,4
volume-84-608,2,4
volume-84-609,2,4
volume-84-610,2,4
volume-84-611,2,4
volume-84-612,2,4
volume-84-613,2,4
volume-84-614,2,4
volume-84-615,2,4
volume-84-616,2,4
volume-84-617,2,4
volume-84-618,2,4
volume-84-619,2,4
volume-84-620,2,4
volume-84-621,2,4
volume-84-622,2,4
volume-84-623,2,4
volume-84-624,2,4
volume-84-625,2,4
volume-84-626,2,4
volume-84-627,2,4
volume-84-628,2,4
volume-84-629,2,4
volume-84-630,2,4
volume-84-631,2,4
volume-84-632,2,4
volume-84-633,2,4
volume-84-634,2,4
volume-84-635,2,4
volume-84-636,2,4
volume-84-637,2,4
volume-84-638,2,4
volume-84-639,2,4
volume-84-640,2,4
volume-84-641,2,4
volume-84-642,2,4
volume-84-643,2,4
volume-84-644,2,4
volume-85-405,2,4
volume-85-406,2,4
volume-85-407,2,4
volume-85-408,2,4
volume-85-409,2,4
volume-85-410,2,4
volume-85-411,2,4
volume-85-412,2,4
volume-85-413,2,4
volume-85-414,2,4
volume-85-415,2,4
volume-85-416,2,4
volume-85-417,2,4
volume-85-418,2,4
volume-85-419,2,4
volume-85-420,2,4
volume-85-421,2,4
volume-85-422,2,4
volume-85-423,2,4
volume-85-424,2,4
volume-85-561,2,4
volume-85-562,2,4
volume-85-563,2,4
volume-85-564,2,4
volume-85-565,2,4
volume-85-566,2,4
volume-85-567,2,4
volume-85-568,2,4
volume-85-569,2,4
volume-85-570,2,4
volume-85-571,2,4
volume-85-572,2,4
volume-85-573,2,4
volume-85-574,2,4
volume-86-379,2,4
volume-86-380,2,4
volume-86-381,2,4
volume-86-382,2,4
volume-86-383,2,4
volume-86-384,2,4
volume-86-385,2,4
volume-86-386,2,4
volume-86-387,2,4
volume-86-467,2,4
volume-86-468,2,4
volume-86-469,2,4
volume-86-470,2,4
volume-86-471,2,4
volume-86-472,2,4
volume-86-473,2,4
volume-86-474,2,4
volume-86-475,2,4
volume-86-476,2,4
volume-86-477,2,4
volume-86-478,2,4
volume-86-479,2,4
volume-86-480,2,4
volume-86-481,2,4
volume-86-482,2,4
volume-86-483,2,4
volume-86-484,2,4
volume-86-485,2,4
volume-86-486,2,4
volume-86-487,2,4
volume-86-488,2,4
volume-86-489,2,4
volume-86-490,2,4
volume-86-491,2,4
volume-86-492,2,4
volume-86-493,2,4
volume-86-494,2,4
volume-86-495,2,4
volume-86-496,2,4
volume-86-497,2,4
volume-86-498,2,4
volume-86-499,2,4
volume-86-500,2,4
volume-86-501,2,4
volume-86-502,2,4
volume-86-503,2,4
volume-86-504,2,4
volume-86-505,2,4
volume-86-506,2,4
volume-88-401,2,4
volume-88-402,2,4
volume-88-403,2,4
volume-88-404,2,4
volume-88-405,2,4
volume-88-406,2,4
volume-88-407,2,4
volume-88-408,2,4
volume-88-409,2,4
volume-88-410,2,4
volume-88-411,2,4
volume-88-412,2,4
volume-88-413,2,4
volume-88-414,2,4
volume-88-415,2,4
volume-88-416,2,4
volume-88-417,2,4
volume-88-418,2,4
volume-88-419,2,4
volume-88-420,2,4
volume-88-421,2,4
volume-88-422,2,4
volume-88-423,2,4
volume-88-424,2,4
volume-88-425,2,4
volume-88-426,2,4
volume-88-427,2,4
volume-88-428,2,4
volume-88-429,2,4
volume-88-430,2,4
volume-88-431,2,4
volume-88-432,2,4
volume-88-433,2,4
volume-88-434,2,4
volume-88-435,2,4
volume-88-436,2,4
volume-88-437,2,4
volume-88-438,2,4
volume-88-439,2,4
volume-88-440,2,4
volume-88-441,2,4
volume-88-442,2,4
volume-88-443,2,4
volume-88-444,2,4
volume-88-445,2,4
volume-88-446,2,4
volume-88-447,2,4
volume-88-448,2,4
volume-88-449,2,4
volume-88-450,2,4
volume-88-451,2,4
volume-88-452,2,4
volume-88-453,2,4
volume-88-454,2,4
volume-88-455,2,4
volume-88-456,2,4
volume-88-457,2,4
volume-88-458,2,4
volume-88-459,2,4
volume-88-460,2,4
volume-88-461,2,4
volume-88-462,2,4
volume-88-463,2,4
volume-88-464,2,4
volume-88-465,2,4
volume-88-466,2,4
volume-88-467,2,4
volume-88-468,2,4
volume-88-469,2,4
volume-88-470,2,4
volume-88-471,2,4
volume-88-472,2,4
volume-88-473,2,4
volume-88-474,2,4
volume-88-475,2,4
volume-88-476,2,4
volume-88-477,2,4
volume-88-478,2,4
volume-88-479,2,4
volume-88-480,2,4
volume-88-481,2,4
volume-88-482,2,4
volume-88-483,2,4
volume-88-484,2,4
volume-88-485,2,4
volume-88-486,2,4
volume-88-487,2,4
volume-88-488,2,4
volume-88-489,2,4
volume-88-490,2,4
volume-88-491,2,4
volume-88-507,2,4
volume-88-508,2,4
volume-88-509,2,4
volume-88-510,2,4
volume-88-511,2,4
volume-88-512,2,4
volume-88-513,2,4
volume-88-514,2,4
volume-88-515,2,4
volume-88-516,2,4
volume-88-517,2,4
